movie_id,title,rating,year,genres
26752088,我不是药神,9.0,2018.0,"剧情, 喜剧"
26266893,流浪地球,7.9,2019.0,"科幻, 冒险, 灾难"
26794435,哪吒之魔童降世,8.4,2019.0,"剧情, 喜剧, 动画, 奇幻"
1291546,霸王别姬,9.6,1993.0,"剧情, 爱情, 同性"
3742360,让子弹飞,9.0,2010.0,"剧情, 喜剧, 动作, 西部"
27605698,西虹市首富,6.6,2018.0,喜剧
27060077,绿皮书,8.9,2019.0,"剧情, 喜剧, 音乐, 传记"
1292213,大话西游之大圣娶亲,9.2,2014.0,"喜剧, 爱情, 奇幻, 古装"
30166972,少年的你,8.2,2019.0,"剧情, 爱情, 犯罪"
1299398,大话西游之月光宝盒,9.0,2014.0,"喜剧, 爱情, 奇幻, 古装"
1929463,少年派的奇幻漂流,9.1,2012.0,"剧情, 奇幻, 冒险"
1307914,无间道,9.3,2003.0,"剧情, 惊悚, 犯罪"
26861685,红海行动,8.2,2018.0,"动作, 战争"
25964071,夏洛特烦恼,7.9,2015.0,"喜剧, 爱情"
26698897,唐人街探案2,6.6,2018.0,"喜剧, 动作, 悬疑"
1306249,唐伯虎点秋香,8.8,1993.0,"喜剧, 爱情, 古装"
34841067,你好，李焕英,7.7,2021.0,"剧情, 喜剧, 奇幻"
1291543,功夫,8.9,2004.0,"喜剧, 动作, 犯罪, 奇幻"
26985127,一出好戏,7.1,2018.0,"剧情, 喜剧"
30163509,飞驰人生,6.8,2019.0,"剧情, 喜剧, 运动"
3168101,毒液：致命守护者,7.2,2018.0,"动作, 科幻, 惊悚"
26363254,战狼2,7.1,2017.0,"动作, 战争"
32659890,我和我的祖国,7.6,2019.0,剧情
27110296,无名之辈,8.0,2018.0,"剧情, 喜剧"
26311973,唐人街探案,7.7,2015.0,"喜剧, 动作, 悬疑"
26425063,无双,8.0,2018.0,"剧情, 动作, 悬疑, 犯罪"
1302425,喜剧之王,8.8,1999.0,"剧情, 喜剧, 爱情"
19944106,美人鱼,6.7,2016.0,"喜剧, 爱情, 奇幻"
4920528,那些年，我们一起追的女孩,8.1,2012.0,"剧情, 喜剧, 爱情"
27619748,唐人街探案3,5.3,2021.0,"喜剧, 悬疑"
27038183,羞羞的铁拳,6.8,2017.0,"喜剧, 奇幻"
25921812,驴得水,8.3,2016.0,"剧情, 喜剧"
26862829,芳华,7.7,2017.0,"剧情, 历史, 战争"
25986662,疯狂的外星人,6.4,2019.0,"喜剧, 科幻"
35267208,流浪地球2,8.3,2023.0,"科幻, 冒险, 灾难"
25815034,湄公河行动,8.0,2016.0,"剧情, 动作, 犯罪"
30331149,白蛇：缘起,7.8,2019.0,"爱情, 动画, 奇幻"
1293172,末代皇帝,9.3,1987.0,"剧情, 传记, 历史"
30176393,误杀,7.5,2019.0,"剧情, 悬疑, 犯罪"
10574622,人再囧途之泰囧,7.5,2012.0,喜剧
1862151,疯狂的石头,8.6,2006.0,"喜剧, 犯罪"
30295905,中国机长,6.6,2019.0,"剧情, 传记, 灾难"
1297447,倩女幽魂,8.8,2011.0,"爱情, 奇幻, 武侠, 古装"
24751756,老炮儿,7.4,2015.0,"剧情, 犯罪"
34780991,哪吒之魔童闹海,8.4,2025.0,"剧情, 喜剧, 动画, 奇幻"
6874741,无问西东,7.5,2018.0,"剧情, 爱情, 战争"
26925317,动物世界,7.2,2018.0,"剧情, 动作, 冒险"
5350027,妖猫传,6.9,2017.0,"剧情, 悬疑, 奇幻, 古装"
3231742,钢铁侠3,7.9,2013.0,"动作, 科幻"
1292365,活着,9.3,1994.0,"剧情, 家庭, 历史"
26366496,邪不压正,7.0,2018.0,"剧情, 喜剧, 动作"
25827935,七月与安生,7.5,2016.0,"剧情, 爱情"
5045678,大鱼海棠,7.0,2016.0,"剧情, 动画, 奇幻"
10604086,封神第一部：朝歌风云,7.7,2023.0,"动作, 战争, 奇幻, 古装"
27133303,超时空同居,6.8,2018.0,"喜剧, 爱情, 奇幻"
26754233,八佰,7.5,2020.0,"剧情, 历史, 战争"
1828115,色，戒,8.7,2007.0,"剧情, 爱情, 情色"
26336252,碟中谍6：全面瓦解,8.1,2018.0,"动作, 惊悚, 冒险"
35766491,满江红,7.0,2023.0,"剧情, 喜剧, 悬疑, 古装"
26277313,西游记之大圣归来,8.3,2015.0,"剧情, 动画, 奇幻"
25723907,捉妖记,6.7,2015.0,"喜剧, 奇幻, 古装"
1291999,重庆森林,8.8,1994.0,"剧情, 爱情"
26862259,乘风破浪,6.8,2017.0,"剧情, 喜剧"
26366465,我的少女时代,7.8,2015.0,"喜剧, 爱情"
4237879,人在囧途,7.9,2010.0,喜剧
11529526,中国合伙人,7.6,2013.0,剧情
36151692,周处除三害,8.1,2024.0,"动作, 犯罪"
35096844,送你一朵小红花,7.2,2020.0,剧情
35051512,我和我的家乡,7.0,2020.0,"剧情, 喜剧"
1297518,九品芝麻官,8.8,1994.0,"剧情, 喜剧, 古装"
36154853,好东西,8.9,2024.0,"剧情, 爱情"
4864908,影,7.2,2018.0,"剧情, 动作, 武侠, 古装"
35725869,年会不能停！,8.1,2023.0,"剧情, 喜剧"
35660795,消失的她,6.2,2023.0,"悬疑, 犯罪"
24719063,烈日灼心,8.3,2015.0,"剧情, 悬疑, 犯罪"
25845392,长津湖,7.4,2021.0,"剧情, 历史, 战争"
26575103,捉妖记2,4.9,2018.0,"喜剧, 动作, 奇幻, 古装"
3649049,金陵十三钗,8.3,2011.0,"剧情, 历史, 战争"
25805741,后会无期,7.2,2014.0,剧情
30122633,快把我哥带走,6.8,2018.0,"喜剧, 奇幻"
4873490,失恋33天,7.2,2011.0,"剧情, 爱情"
10574468,北京遇上西雅图,7.3,2013.0,"喜剧, 爱情"
1292328,东邪西毒,8.6,1994.0,"剧情, 动作, 爱情, 武侠, 古装"
3077412,寻龙诀,7.4,2015.0,"剧情, 动作, 奇幻, 冒险"
5308265,西游降魔篇,7.2,2013.0,"喜剧, 奇幻, 冒险"
1316510,射雕英雄传之东成西就,8.7,1993.0,"喜剧, 奇幻, 武侠, 古装"
1291557,花样年华,8.8,2000.0,"剧情, 爱情"
24404677,超体,7.5,2014.0,"动作, 科幻"
26787574,奇迹男孩,8.6,2018.0,"剧情, 家庭, 儿童"
35422807,扬名立万,7.4,2021.0,"剧情, 喜剧, 悬疑"
1297574,英雄本色,8.6,2017.0,"剧情, 动作, 犯罪"
1291858,鬼子来了,9.3,2000.0,"剧情, 喜剧"
30306570,囧妈,5.9,2020.0,喜剧
32493124,悬崖之上,7.4,2021.0,"剧情, 动作, 悬疑"
23761370,速度与激情7,8.4,2015.0,"动作, 犯罪"
36081094,热辣滚烫,7.5,2024.0,"剧情, 喜剧"
26662193,前任3：再见前任,5.5,2017.0,"喜剧, 爱情"
25907124,姜子牙,6.6,2020.0,"剧情, 动画, 奇幻"
26394152,大黄蜂,7.0,2019.0,"动作, 科幻, 冒险"
1291875,阳光灿烂的日子,8.8,1995.0,"剧情, 爱情"
35183042,独行月球,6.6,2022.0,"喜剧, 科幻"
25717233,心花路放,7.2,2014.0,"喜剧, 爱情"
25716096,狗十三,8.2,2018.0,"剧情, 家庭"
1291818,饮食男女,9.2,1994.0,"剧情, 家庭"
35376457,爱情神话,8.1,2021.0,"剧情, 喜剧, 爱情"
26289144,滚蛋吧！肿瘤君,7.4,2015.0,"喜剧, 爱情"
1961963,长江七号,7.3,2008.0,"喜剧, 科幻"
26709258,罗小黑战记,8.0,2019.0,"动作, 动画, 奇幻"
26926321,缝纫机乐队,6.6,2017.0,"喜剧, 音乐"
1292679,春光乍泄,9.0,1997.0,"剧情, 爱情, 同性"
26280528,从你的全世界路过,5.3,2016.0,"喜剧, 爱情"
26826330,刺杀小说家,6.5,2021.0,"动作, 奇幻, 冒险"
3821067,一代宗师,8.2,2013.0,"剧情, 动作, 爱情, 传记"
1291550,天下无贼,8.2,2004.0,"剧情, 动作, 犯罪"
25870084,重返20岁,7.1,2015.0,"喜剧, 爱情, 奇幻"
35267224,孤注一掷,6.9,2023.0,"剧情, 犯罪"
26260853,速度与激情8,7.0,2017.0,"动作, 犯罪"
36653918,抓娃娃,7.1,2024.0,喜剧
25798222,亲爱的,8.4,2014.0,"剧情, 家庭"
1303394,青蛇,8.6,2025.0,"剧情, 爱情, 奇幻, 古装"
3792799,岁月神偷,8.7,2010.0,"剧情, 家庭"
27092785,李茶的姑妈,4.6,2018.0,喜剧
26683723,后来的我们,5.9,2018.0,"剧情, 爱情"
20376577,小时代,5.0,2013.0,"剧情, 喜剧, 爱情"
1305164,甜蜜蜜,8.9,2015.0,"剧情, 爱情"
30282387,银河补习班,6.2,2019.0,剧情
25779217,诛仙1,4.5,2019.0,"爱情, 奇幻, 古装"
3734112,风声,8.4,2009.0,"剧情, 惊悚, 战争, 犯罪"
35460157,人生大事,7.3,2022.0,"剧情, 家庭"
1418019,大闹天宫,9.4,1961.0,"剧情, 动画, 奇幻, 古装"
25710912,港囧,5.7,2015.0,喜剧
36208094,第二十条,7.5,2024.0,"剧情, 喜剧, 家庭"
1578714,神奇女侠,7.1,2017.0,"动作, 奇幻, 冒险"
6973376,致我们终将逝去的青春,6.5,2013.0,"剧情, 爱情"
30269016,半个喜剧,7.3,2019.0,"喜剧, 爱情"
2135981,画皮,6.8,2008.0,"剧情, 爱情, 惊悚, 奇幻"
36369452,飞驰人生2,7.6,2024.0,"剧情, 喜剧, 运动"
1859036,宝贝计划,7.6,2006.0,"剧情, 喜剧, 动作"
24753810,战狼,7.0,2015.0,"动作, 战争"
3596502,唐山大地震,7.9,2010.0,"剧情, 历史, 灾难"
35312437,奇迹·笨小孩,7.4,2022.0,剧情
30171424,拆弹专家2,7.4,2020.0,"动作, 犯罪"
1307106,无间道2,8.8,2003.0,"剧情, 惊悚, 犯罪"
11589036,功夫熊猫3,7.8,2016.0,"喜剧, 动作, 动画, 冒险"
3804891,无人区,8.4,2013.0,"剧情, 犯罪, 西部"
2124724,不能说的秘密,8.2,2007.0,"爱情, 音乐, 奇幻"
1305690,阿飞正传,8.5,2018.0,"剧情, 爱情, 犯罪"
36035676,长安三万里,8.3,2023.0,"动画, 历史"
25895276,煎饼侠,5.8,2015.0,喜剧
35372742,无名,6.6,2023.0,"剧情, 悬疑, 历史"
4305436,志明与春娇,7.9,2010.0,"剧情, 喜剧, 爱情"
25917973,心迷宫,8.7,2015.0,"剧情, 悬疑, 犯罪"
24745500,绣春刀,7.7,2014.0,"剧情, 动作, 武侠, 古装"
24879858,分手大师,5.2,2014.0,"喜剧, 爱情"
4840388,新喜剧之王,5.7,2019.0,"剧情, 喜剧"
35505100,这个杀手不太冷静,6.1,2022.0,喜剧
1292287,新龙门客栈,8.7,2012.0,"动作, 爱情, 武侠, 古装"
27102569,悲伤逆流成河,5.8,2018.0,"剧情, 爱情"
1301168,卧虎藏龙,8.4,2000.0,"剧情, 爱情, 武侠"
34941536,宇宙探索编辑部,8.0,2023.0,"喜剧, 科幻"
26647117,暴裂无声,8.2,2018.0,"剧情, 悬疑, 犯罪"
26606743,嫌疑人X的献身,6.3,2017.0,"剧情, 悬疑, 犯罪"
3041806,叶问,7.8,2008.0,"剧情, 动作, 传记, 历史"
30128916,夺冠,7.1,2020.0,"剧情, 运动"
25884801,记忆大师,7.1,2017.0,"悬疑, 惊悚"
26270502,绣春刀II：修罗战场,7.2,2017.0,"剧情, 动作, 武侠, 古装"
24743711,催眠大师,7.6,2014.0,"悬疑, 惊悚"
3313801,非诚勿扰,7.3,2008.0,"喜剧, 爱情"
30377703,来电狂响,5.7,2018.0,"剧情, 喜剧"
6982558,长城,4.9,2016.0,"动作, 奇幻, 冒险"
1297747,少林足球,8.2,2001.0,"喜剧, 动作, 运动"
25745752,左耳,5.7,2015.0,"剧情, 爱情"
30221757,烈火英雄,6.4,2019.0,"剧情, 灾难"
5327268,荒野猎人,8.0,2016.0,"剧情, 动作, 冒险"
1293351,食神,8.2,2024.0,"喜剧, 动作"
1295409,纵横四海,8.8,1991.0,"剧情, 喜剧, 动作, 犯罪"
24852545,爱情公寓,3.2,2018.0,"喜剧, 冒险"
1297863,武状元苏乞儿,8.2,1992.0,"喜剧, 动作, 武侠, 古装"
4212172,十二生肖,6.8,2012.0,"喜剧, 动作, 冒险"
27663742,老师·好,6.6,2019.0,剧情
1307739,国产凌凌漆,8.5,1994.0,"喜剧, 动作"
25798448,解救吾先生,7.7,2015.0,"剧情, 犯罪"
1329562,头文字D,7.8,2005.0,"剧情, 动作"
26430107,二十二,8.7,2017.0,纪录片
1329936,大内密探零零发,8.1,1996.0,"喜剧, 动作, 爱情, 古装"
26816383,喜欢你,6.7,2017.0,"喜剧, 爱情"
27113517,血观音,8.6,2017.0,"剧情, 悬疑"
10807909,智取威虎山,7.7,2014.0,"剧情, 动作, 战争, 冒险"
27059130,大佛普拉斯,8.7,2017.0,"剧情, 喜剧"
35131346,隐入尘烟,8.4,2022.0,剧情
7054604,变形金刚4：绝迹重生,6.7,2014.0,"动作, 科幻, 冒险"
35144311,雄狮少年,8.3,2021.0,"剧情, 喜剧, 动画"
30252495,1917,8.5,2020.0,"剧情, 战争"
26425068,追龙,7.2,2017.0,"动作, 犯罪"
26654184,万里归途,7.3,2022.0,"剧情, 战争"
6386345,春娇与志明,7.3,2012.0,"剧情, 喜剧, 爱情"
26790961,闪光少女,7.2,2017.0,"喜剧, 音乐"
6890730,寒战,7.6,2012.0,"剧情, 动作, 犯罪"
1302090,逃学威龙,8.2,1991.0,"喜剧, 动作, 爱情"
10727641,碟中谍5：神秘国度,7.9,2015.0,"动作, 惊悚, 冒险"
25779218,匆匆那年,5.6,2014.0,爱情
25882296,狄仁杰之四大天王,6.1,2018.0,"动作, 悬疑, 奇幻, 武侠, 古装"
1308575,蓝色大门,8.4,2002.0,"剧情, 爱情, 同性"
10831445,百鸟朝凤,8.3,2016.0,"剧情, 音乐"
25983044,比利·林恩的中场战事,8.3,2016.0,"剧情, 战争"
26728669,风中有朵雨做的云,7.2,2019.0,"剧情, 悬疑, 犯罪"
30413052,攀登者,6.0,2019.0,"剧情, 爱情, 冒险"
1306160,新警察故事,7.9,2004.0,"剧情, 动作, 惊悚, 犯罪"
35457272,保你平安,7.7,2023.0,"剧情, 喜剧"
35158160,我的姐姐,6.9,2021.0,"剧情, 家庭"
10605978,私人订制,6.0,2013.0,喜剧
24751763,罗曼蒂克消亡史,7.7,2016.0,剧情
1292434,一一,9.1,2017.0,"剧情, 爱情, 家庭"
36282639,唐探1900,6.4,2025.0,"喜剧, 动作, 悬疑"
25662327,火锅英雄,7.2,2016.0,"剧情, 犯罪"
30435124,白蛇2：青蛇劫起,6.8,2021.0,"动画, 奇幻, 冒险"
24847340,小时代3：刺金时代,4.8,2014.0,"剧情, 喜剧, 爱情"
25824686,变形金刚5：最后的骑士,4.9,2017.0,"动作, 科幻, 冒险"
24721493,小时代2：青木时代,5.1,2013.0,"剧情, 喜剧, 爱情"
33456512,涉过愤怒的海,7.1,2023.0,"剧情, 悬疑, 犯罪"
1308857,可可西里,8.9,2004.0,"剧情, 犯罪"
26811587,大护法,7.8,2017.0,"喜剧, 动画, 奇幻, 冒险"
24875534,十二公民,8.4,2015.0,剧情
35208463,三大队,7.6,2023.0,"剧情, 犯罪"
2124703,疯狂的赛车,8.4,2009.0,"喜剧, 动作, 冒险"
1307694,无间道3：终极无间,8.2,2003.0,"剧情, 惊悚, 犯罪"
35068653,误杀2,5.7,2021.0,"剧情, 犯罪"
26649682,深海,7.3,2023.0,"动画, 奇幻"
21941804,白日焰火,7.6,2014.0,"剧情, 悬疑, 犯罪"
35613853,长津湖之水门桥,7.2,2022.0,"剧情, 历史, 战争"
26290365,恶棍天使,4.5,2015.0,喜剧
1297223,鹿鼎记,8.4,1992.0,"喜剧, 动作, 武侠, 古装"
3824672,听说,8.2,2015.0,"剧情, 爱情"
26654146,解忧杂货店,5.0,2017.0,"剧情, 奇幻"
24847343,小时代4：灵魂尽头,5.1,2015.0,"喜剧, 爱情"
30174085,怒火·重案,7.2,2021.0,"动作, 犯罪"
4151110,山楂树之恋,7.2,2010.0,"剧情, 爱情"
26322792,北京遇上西雅图之不二情书,6.4,2016.0,"喜剧, 爱情"
26313973,我是证人,6.4,2015.0,"剧情, 悬疑, 犯罪"
24843198,同桌的妳,6.0,2014.0,"剧情, 爱情"
34894753,沐浴之王,5.9,2020.0,喜剧
34880302,人潮汹涌,6.5,2021.0,"喜剧, 犯罪"
1307023,神话,7.0,2005.0,"剧情, 喜剧, 动作, 奇幻, 冒险"
3230459,李米的猜想,8.1,2008.0,"剧情, 爱情, 犯罪"
26426194,巨齿鲨,5.7,2018.0,"动作, 科幻, 惊悚"
21352814,归来,8.1,2014.0,"剧情, 爱情, 历史"
26715636,地久天长,8.0,2019.0,"剧情, 家庭"
25801066,西游伏妖篇,5.5,2017.0,"喜剧, 动作, 奇幻, 古装"
26816076,“大”人物,6.4,2019.0,"动作, 犯罪"
11510624,全民目击,7.8,2013.0,"剧情, 悬疑, 犯罪"
4876722,钢的琴,8.5,2011.0,"剧情, 喜剧"
20435622,环太平洋：雷霆再起,5.4,2018.0,"动作, 科幻, 冒险"
26885074,叶问4：完结篇,6.8,2019.0,"剧情, 动作"
26035290,悟空传,5.1,2017.0,"剧情, 动作, 奇幻"
1303037,喜宴,9.0,1993.0,"剧情, 喜剧, 爱情, 同性, 家庭"
1300498,百变星君,7.9,1995.0,"喜剧, 科幻, 奇幻"
4271894,非诚勿扰2,6.6,2010.0,"喜剧, 爱情"
27119586,谁先爱上他的,8.6,2018.0,"剧情, 喜剧, 同性"
1300883,赌神,8.5,1989.0,"剧情, 喜剧"
6011806,厨子戏子痞子,7.2,2013.0,"喜剧, 动作"
26972258,江湖儿女,7.6,2018.0,"爱情, 犯罪"
2131940,魔兽,7.6,2016.0,"动作, 奇幻, 冒险"
1303173,甲方乙方,8.5,1997.0,喜剧
30171425,扫毒2：天地对决,5.9,2019.0,"剧情, 动作, 悬疑, 犯罪"
1306123,英雄,7.7,2002.0,"剧情, 动作, 武侠, 古装"
1307315,哪吒闹海,9.2,1979.0,"动画, 奇幻, 冒险"
35698284,关于我和鬼变成家人的那件事,8.1,2023.0,"喜剧, 悬疑, 同性, 奇幻"
20471852,生化危机：终章,6.5,2017.0,"动作, 科幻, 恐怖"
35069506,一点就到家,6.5,2020.0,"剧情, 喜剧"
3530403,云图,8.1,2013.0,"剧情, 科幻, 悬疑"
26284621,追凶者也,7.9,2016.0,"剧情, 喜剧, 犯罪"
6799191,搜索,7.4,2012.0,"剧情, 悬疑"
33417046,宠爱,5.9,2019.0,"剧情, 喜剧, 爱情"
27191431,过春天,7.7,2019.0,剧情
1299680,整蛊专家,8.0,1991.0,"喜剧, 爱情"
26309788,金刚：骷髅岛,6.5,2017.0,"动作, 奇幻, 冒险"
36289423,射雕英雄传：侠之大者,5.2,2025.0,武侠
26320029,万万没想到,5.7,2015.0,"喜剧, 奇幻, 冒险, 古装"
25823277,三生三世十里桃花,4.0,2017.0,"爱情, 奇幻"
35765480,八角笼中,7.3,2023.0,"剧情, 动作"
4218768,画皮2,6.1,2012.0,"剧情, 爱情, 惊悚, 奇幻"
26357307,花木兰,4.9,2020.0,"动作, 冒险, 古装"
30292777,阳光普照,8.6,2019.0,"剧情, 家庭, 犯罪"
3412882,窃听风云,7.7,2009.0,"剧情, 动作, 惊悚"
1293323,大红灯笼高高挂,8.8,1991.0,剧情
1428581,天书奇谭,9.2,1983.0,"动画, 奇幻"
35155748,金刚川,6.3,2020.0,"剧情, 战争"
26182910,功夫瑜伽,5.0,2017.0,"喜剧, 动作, 冒险"
27615233,你好，之华,6.6,2018.0,"剧情, 爱情"
3097572,双子杀手,6.8,2019.0,"剧情, 动作, 科幻"
1890784,门徒,8.1,2007.0,"剧情, 惊悚, 犯罪"
35215390,狙击手,7.7,2022.0,"剧情, 历史, 战争"
27074316,一条狗的使命2,6.9,2019.0,"剧情, 喜剧, 家庭"
26774722,心理罪之城市之光,5.8,2017.0,"动作, 悬疑, 犯罪"
3578981,叶问2：宗师传奇,7.4,2010.0,"动作, 传记, 历史"
26748673,拆弹专家,6.2,2017.0,"动作, 悬疑, 犯罪"
1499008,满城尽带黄金甲,5.9,2006.0,"剧情, 动作, 爱情, 古装"
35294995,我和我的父辈,6.4,2021.0,剧情
6011805,一九四二,8.2,2012.0,"剧情, 历史, 战争, 灾难"
26334559,澳门风云3,4.5,2016.0,"喜剧, 动作"
25919910,师父,8.1,2015.0,"剧情, 动作, 武侠"
26021055,栀子花开,4.6,2015.0,爱情
4896304,龙门飞甲,6.9,2011.0,"剧情, 动作, 武侠, 古装"
1300064,家有喜事,8.5,1992.0,"剧情, 喜剧, 爱情, 家庭"
3626416,十月围城,7.7,2009.0,"剧情, 动作, 历史"
26774033,幕后玩家,5.6,2018.0,"剧情, 悬疑, 犯罪"
26630781,我不是潘金莲,6.7,2016.0,"剧情, 喜剧"
20505982,寒战2,7.2,2016.0,"剧情, 动作, 犯罪"
1292329,牯岭街少年杀人事件,8.9,1991.0,"剧情, 犯罪"
1306505,红高粱,8.5,1988.0,"剧情, 爱情, 历史, 战争"
4135710,Hello！树先生,8.3,2011.0,剧情
25890005,山河故人,8.1,2015.0,"剧情, 家庭"
3412830,狄仁杰之通天帝国,6.7,2010.0,"动作, 悬疑, 古装"
27140071,找到你,7.3,2018.0,"剧情, 家庭"
25723583,英伦对决,7.0,2017.0,"动作, 犯罪"
1299643,宝莲灯,8.6,1999.0,"动画, 奇幻, 冒险"
25890017,哥斯拉2：怪兽之王,6.2,2019.0,"动作, 科幻, 冒险, 灾难"
1401533,碟中谍3,7.7,2006.0,"动作, 惊悚, 冒险"
25911694,摆渡人,4.1,2016.0,"喜剧, 爱情"
6126442,一步之遥,6.7,2014.0,"剧情, 喜剧, 动作"
5977835,桃姐,8.4,2012.0,"剧情, 家庭"
11625097,澳门风云,5.8,2014.0,"喜剧, 动作"
1766086,太阳照常升起,8.4,2007.0,"剧情, 奇幻"
35256092,河边的错误,7.2,2023.0,"剧情, 犯罪"
36809864,南京照相馆,8.8,2025.0,"剧情, 历史, 战争"
25858785,澳门风云2,5.6,2015.0,"喜剧, 动作"
27668250,南方车站的聚会,7.4,2019.0,"剧情, 犯罪"
33447633,坚如磐石,6.0,2023.0,"剧情, 动作, 犯罪"
26698000,心理罪,4.9,2017.0,"动作, 悬疑, 犯罪"
26336253,使徒行者,6.9,2016.0,"剧情, 动作, 犯罪"
27019527,嘉年华,8.2,2017.0,剧情
1299288,胭脂扣,8.5,1987.0,"剧情, 爱情, 奇幻"
26797419,二代妖精之今生有幸,5.4,2017.0,"喜剧, 爱情, 奇幻"
30423193,使徒行者2：谍影行动,6.2,2019.0,"剧情, 动作, 犯罪"
4881607,撒娇女人最好命,5.6,2014.0,"喜剧, 爱情"
26966580,妖铃铃,4.2,2017.0,"喜剧, 惊悚"
1308076,蓝宇,8.4,2001.0,"剧情, 爱情, 同性"
4724739,单身男女,6.8,2011.0,"喜剧, 爱情"
1907464,集结号,8.2,2007.0,"剧情, 传记, 历史, 战争"
1394968,举起手来！,7.4,2005.0,"喜剧, 战争"
25829175,西游记女儿国,4.4,2018.0,"喜剧, 爱情, 奇幻"
35087699,中国医生,6.9,2021.0,"剧情, 灾难"
30299311,受益人,6.5,2019.0,"剧情, 喜剧, 爱情"
10763164,扫毒,7.6,2013.0,"剧情, 动作, 悬疑, 犯罪"
27624661,比悲伤更悲伤的故事,4.8,2019.0,爱情
36438475,浪浪山小妖怪,8.5,2025.0,"剧情, 喜剧, 动画, 奇幻"
24735062,青春派,7.4,2013.0,"剧情, 爱情"
24827406,九层妖塔,4.4,2015.0,"动作, 惊悚, 冒险"
26259634,何以笙箫默,3.9,2015.0,爱情
36587974,出走的决心,8.8,2024.0,"剧情, 家庭"
26301582,微微一笑很倾城,4.9,2016.0,爱情
27202819,反贪风暴4,5.9,2019.0,"动作, 犯罪"
3737102,艋舺,7.7,2010.0,"剧情, 动作, 犯罪"
26639958,春娇救志明,7.0,2017.0,"剧情, 喜剧, 爱情"
1300566,赌侠,7.9,1990.0,"剧情, 喜剧"
36185502,长安的荔枝,7.6,2025.0,"剧情, 喜剧, 古装"
11598977,叶问3,6.7,2016.0,"剧情, 动作, 传记, 历史"
1296201,逃学威龙2,7.9,1992.0,喜剧
1298644,赌圣,7.9,1990.0,"喜剧, 动作"
2027938,神探,8.5,2008.0,"动作, 悬疑, 惊悚, 犯罪"
35360684,新神榜：杨戬,7.0,2022.0,"动作, 动画, 奇幻, 冒险"
30181250,封神第二部：战火西岐,5.8,2025.0,"动作, 战争, 奇幻, 古装"
1947089,投名状,7.9,2007.0,"剧情, 动作, 战争, 古装"
26290642,致青春·原来你还在这里,4.4,2016.0,"剧情, 爱情"
26996640,反贪风暴3,5.7,2018.0,"剧情, 动作, 犯罪"
30373723,除暴,6.1,2020.0,"剧情, 动作, 犯罪"
1433360,雏菊,8.1,2006.0,"剧情, 爱情"
24879839,道士下山,5.5,2015.0,"喜剧, 动作, 奇幻, 古装"
30146756,风语咒,6.8,2018.0,"动画, 奇幻"
36712987,破·地狱,8.3,2024.0,"剧情, 家庭"
5996801,狄仁杰之神都龙王,6.5,2013.0,"动作, 悬疑, 古装"
5422105,窃听风云2,7.6,2011.0,"剧情, 动作, 悬疑, 犯罪"
26581837,上海堡垒,2.9,2019.0,"爱情, 科幻, 战争"
26266072,谍影重重5,7.5,2016.0,"动作, 悬疑, 惊悚"
4066206,全城热恋,6.3,2010.0,"喜剧, 爱情"
1305355,审死官,7.9,1992.0,"喜剧, 古装"
26879060,情圣,6.0,2016.0,喜剧
35956190,走走停停,8.0,2024.0,"剧情, 喜剧, 家庭"
26611801,一念天堂,6.2,2015.0,喜剧
30235440,小小的愿望,5.0,2019.0,"剧情, 喜剧"
26995893,神探大战,6.7,2022.0,"动作, 悬疑, 犯罪"
1305265,河东狮吼,6.8,2002.0,"喜剧, 爱情, 古装"
34869362,温暖的抱抱,5.2,2020.0,喜剧
25881786,前任2：备胎反击战,5.2,2015.0,"喜剧, 爱情"
1418070,如果·爱,7.7,2005.0,"剧情, 爱情, 歌舞"
3158990,海角七号,7.6,2009.0,"剧情, 喜剧, 爱情"
1299765,回魂夜,8.1,1995.0,"喜剧, 恐怖, 奇幻"
24751754,前任攻略,6.1,2014.0,"喜剧, 爱情"
5319835,101次求婚,5.7,2013.0,爱情
1306951,鹿鼎记2：神龙教,8.2,1992.0,"喜剧, 动作, 武侠, 古装"
4176542,杀生,7.8,2012.0,"剧情, 悬疑"
30257787,一秒钟,7.6,2020.0,剧情
1298898,暗战,8.6,1999.0,"剧情, 动作, 犯罪"
4136036,晚秋,7.1,2012.0,剧情
35209731,长空之王,6.5,2023.0,"剧情, 动作"
1308747,手机,7.4,2003.0,"剧情, 喜剧, 家庭"
24736566,北京爱情故事,6.1,2014.0,爱情
1939414,功夫之王,5.8,2008.0,"动作, 奇幻, 冒险, 武侠, 古装"
26290367,谁的青春不迷茫,6.7,2016.0,爱情
1296436,有话好好说,8.5,1997.0,"剧情, 喜剧"
26266919,最好的我们,5.1,2019.0,"剧情, 爱情"
23788440,杀破狼2,7.5,2015.0,"剧情, 动作, 犯罪"
25818101,攻壳机动队,6.4,2017.0,"动作, 科幻, 犯罪"
35158124,盛夏未来,7.1,2021.0,剧情
26389696,大闹天竺,3.7,2017.0,"喜剧, 动作, 冒险"
1299661,苏州河,8.2,2000.0,"剧情, 爱情"
24284175,九龙城寨之围城,7.2,2024.0,"动作, 犯罪"
25849006,陆垚知马俐,5.6,2016.0,"喜剧, 爱情"
1291555,2046,7.7,2004.0,"剧情, 爱情, 奇幻"
1298443,黄飞鸿,8.4,1991.0,"剧情, 动作, 武侠, 古装"
26910820,灵魂摆渡·黄泉,7.0,2018.0,"悬疑, 惊悚, 奇幻"
1294417,笑傲江湖2：东方不败,8.5,2025.0,"剧情, 爱情, 武侠, 古装"
26633257,地球最后的夜晚,6.9,2018.0,"剧情, 爱情, 悬疑"
35337517,四海,5.3,2022.0,"喜剧, 动作, 爱情"
35556001,热烈,7.1,2023.0,"剧情, 喜剧"
34779692,新神榜：哪吒重生,6.8,2021.0,"动作, 动画, 奇幻"
26826398,杀破狼·贪狼,7.0,2017.0,"剧情, 动作"
1308722,十面埋伏,6.4,2004.0,"剧情, 武侠, 古装"
6080775,黄金大劫案,6.8,2012.0,"剧情, 喜剧, 动作, 爱情, 历史, 战争"
1296629,倩女幽魂2：人间道,8.1,1990.0,"爱情, 奇幻, 武侠, 古装"
3726072,东邪西毒：终极版,8.8,2009.0,"剧情, 动作, 爱情"
10344754,毒战,7.6,2013.0,"剧情, 动作, 犯罪"
34973399,你的婚礼,4.7,2021.0,爱情
36600459,捕风追影,8.2,2025.0,"剧情, 动作, 犯罪"
1419969,无极,5.5,2005.0,"剧情, 动作, 奇幻"
10537853,万箭穿心,8.6,2012.0,"剧情, 家庭"
1304624,旺角卡门,7.8,1988.0,"剧情, 爱情, 犯罪"
35653205,人生路不熟,5.8,2023.0,"剧情, 喜剧"
26411409,怦然星动,5.1,2015.0,"喜剧, 爱情"
30175306,追龙Ⅱ,5.4,2019.0,"剧情, 动作, 犯罪"
25872931,万物生长,5.7,2015.0,"喜剧, 爱情"
4822848,武林外传,6.5,2011.0,"喜剧, 动作, 古装"
1297862,英雄本色2,8.4,1987.0,"剧情, 动作, 犯罪"
1465829,赤壁(上),6.4,2008.0,"动作, 历史, 战争, 古装"
1853621,落叶归根,8.6,2007.0,"剧情, 喜剧"
1299059,倚天屠龙记之魔教教主,8.0,1993.0,"动作, 奇幻, 武侠, 古装"
1299745,破坏之王,7.9,1994.0,"喜剧, 动作"
6872273,盲探,7.2,2013.0,"喜剧, 爱情, 悬疑, 惊悚, 犯罪"
1304022,大腕,8.0,2001.0,喜剧
25858759,有一个地方只有我们知道,4.9,2015.0,爱情
1300741,枪火,8.8,1999.0,"剧情, 动作, 犯罪"
27114417,祖宗十九代,4.2,2018.0,"喜剧, 奇幻"
27180759,送我上青云,7.0,2019.0,剧情
3820191,杜拉拉升职记,5.6,2010.0,"剧情, 喜剧, 爱情"
6730004,爱,6.9,2012.0,"剧情, 爱情"
27087724,好莱坞往事,7.3,2019.0,"剧情, 喜剧"
1441602,霍元甲,7.2,2006.0,"剧情, 动作, 传记"
3993588,狼图腾,6.9,2015.0,"剧情, 冒险"
26644002,傲娇与偏见,4.7,2017.0,"喜剧, 爱情"
26290410,昨日青空,6.1,2018.0,"爱情, 动画"
36877322,默杀,5.9,2024.0,"剧情, 悬疑, 犯罪"
35818074,我爱你！,7.9,2023.0,"剧情, 爱情, 家庭"
26219652,少年班,6.0,2015.0,"剧情, 喜剧"
35914259,毒舌律师,7.5,2023.0,剧情
1927686,爱情呼叫转移,6.5,2007.0,"喜剧, 爱情"
26786669,决战中途岛,7.5,2019.0,"剧情, 历史, 战争"
1302476,麦兜故事,8.6,2001.0,"剧情, 喜剧, 动画"
11502973,星际特工：千星之城,6.9,2017.0,"动作, 科幻, 冒险"
1297763,方世玉,8.1,1993.0,"喜剧, 动作, 武侠, 古装"
35164328,扫黑·决战,6.0,2021.0,"剧情, 动作, 犯罪"
22266126,王牌保镖,7.2,2017.0,"喜剧, 动作, 犯罪"
27172891,大象席地而坐,8.1,2018.0,剧情
26661191,奇门遁甲,4.4,2017.0,"动作, 奇幻"
30279836,第十一回,7.2,2021.0,"剧情, 喜剧"
25853727,破风,7.3,2015.0,"剧情, 运动"
24827387,盗墓笔记,4.8,2016.0,"悬疑, 奇幻, 冒险"
10604486,不二神探,4.8,2013.0,"喜剧, 动作, 犯罪"
1307323,天下无双,7.2,2002.0,"喜剧, 爱情, 歌舞, 古装"
26996619,古董局中局,5.9,2021.0,"剧情, 悬疑, 冒险"
1418605,夜宴,6.0,2006.0,"剧情, 动作, 武侠, 古装"
25849475,新娘大作战,4.4,2015.0,"喜剧, 爱情"
3813779,剑雨,7.7,2010.0,"动作, 爱情, 武侠, 古装"
1950525,大灌篮,5.6,2008.0,"喜剧, 运动"
4709904,前度,7.0,2010.0,爱情
36149032,我们一起摇太阳,8.0,2024.0,"剧情, 爱情, 家庭"
27149818,胖子行动队,4.2,2018.0,"喜剧, 动作"
20020577,推拿,8.0,2014.0,剧情
4009651,斗牛,8.2,2009.0,"剧情, 喜剧"
19973815,分手合约,5.8,2013.0,爱情
1294561,太极张三丰,8.1,1993.0,"喜剧, 动作, 武侠, 古装"
1297909,A计划,8.2,1983.0,"喜剧, 动作"
20388223,激战,8.0,2013.0,"剧情, 动作, 运动"
20266753,警察故事2013,5.9,2013.0,"剧情, 动作, 犯罪"
1300303,我是谁,7.8,1998.0,"喜剧, 动作, 科幻, 冒险"
23331914,狂怒,8.0,2014.0,"剧情, 动作, 战争"
26816104,从21世纪安全撤离,7.3,2024.0,"喜剧, 科幻"
4896263,将爱情进行到底,6.5,2011.0,"剧情, 爱情"
3743114,黄海,8.5,2010.0,"剧情, 动作, 犯罪"
35235365,断·桥,5.8,2022.0,"剧情, 犯罪"
20513059,被偷走的那五年,6.0,2013.0,爱情
2303845,刺客聂隐娘,7.3,2015.0,"剧情, 武侠, 古装"
26354336,爵迹,3.8,2016.0,"动画, 奇幻"
26816090,沉默的证人,5.2,2019.0,"动作, 犯罪"
25827963,西游记之孙悟空三打白骨精,5.6,2016.0,"喜剧, 动作, 奇幻"
26759539,十万个冷笑话2,7.3,2017.0,"喜剧, 动画, 奇幻"
30394535,被光抓走的人,6.9,2019.0,"剧情, 爱情, 科幻"
36498717,小小的我,7.1,2024.0,"剧情, 家庭"
26935283,侍神令,5.3,2021.0,奇幻
26333560,疾速追杀2,7.9,2017.0,"动作, 惊悚, 犯罪"
5344178,11度青春之《老男孩》,8.4,2010.0,"剧情, 喜剧, 短片"
36448279,罗小黑战记2,8.7,2025.0,"动画, 奇幻, 冒险"
1292052,肖申克的救赎,9.7,1994.0,"剧情, 犯罪"
25662329,疯狂动物城,9.2,2016.0,"喜剧, 动画, 冒险"
1291561,千与千寻,9.4,2019.0,"剧情, 动画, 奇幻"
1292722,泰坦尼克号,9.5,1998.0,"剧情, 爱情, 灾难"
20495023,寻梦环游记,9.1,2017.0,"喜剧, 动画, 音乐, 奇幻"
1292064,楚门的世界,9.4,1998.0,"剧情, 科幻"
1889243,星际穿越,9.4,2014.0,"剧情, 科幻, 冒险"
1295644,这个杀手不太冷,9.4,2024.0,"剧情, 动作, 犯罪"
1292720,阿甘正传,9.5,1994.0,"剧情, 爱情"
3541415,盗梦空间,9.4,2010.0,"剧情, 科幻, 悬疑, 冒险"
35689244,F1：狂飙飞车,8.7,2025.0,"剧情, 动作, 运动"
3793023,三傻大闹宝莱坞,9.2,2011.0,"剧情, 喜剧, 爱情, 歌舞"
3319755,怦然心动,9.1,2010.0,"剧情, 喜剧, 爱情"
26387939,摔跤吧！爸爸,9.0,2017.0,"剧情, 家庭, 传记, 运动"
26683290,你的名字。,8.5,2016.0,"剧情, 爱情, 动画"
1295038,哈利·波特与魔法石,9.2,2002.0,"奇幻, 冒险"
1292001,海上钢琴师,9.3,2019.0,"剧情, 音乐"
1849031,当幸福来敲门,9.1,2008.0,"剧情, 家庭, 传记"
1308807,哈尔的移动城堡,9.1,2024.0,"爱情, 动画, 奇幻, 冒险"
2129039,飞屋环游记,9.1,2009.0,"剧情, 喜剧, 动画, 冒险"
1652587,阿凡达,8.8,2010.0,"动作, 科幻, 冒险"
25986180,釜山行,8.6,2016.0,"动作, 惊悚, 灾难"
6786002,触不可及,9.3,2011.0,"剧情, 喜剧"
1291560,龙猫,9.2,2018.0,"动画, 奇幻, 冒险"
1291549,放牛班的春天,9.3,2004.0,"剧情, 音乐"
2131459,机器人总动员,9.3,2008.0,"科幻, 动画, 冒险"
1305487,猫鼠游戏,9.1,2003.0,"剧情, 传记, 犯罪"
1292063,美丽人生,9.5,2020.0,"剧情, 喜剧, 爱情, 战争"
27010768,寄生虫,8.8,2019.0,剧情
1292220,情书,8.9,1999.0,"剧情, 爱情"
26580232,看不见的客人,8.8,2017.0,"剧情, 悬疑, 惊悚, 犯罪"
3011091,忠犬八公的故事,9.4,2009.0,剧情
36445098,还有明天,9.3,2025.0,"剧情, 喜剧, 历史"
11026735,超能陆战队,8.8,2015.0,"喜剧, 动作, 科幻, 动画, 冒险"
4920389,头号玩家,8.6,2018.0,"动作, 科幻, 冒险"
24733428,心灵奇旅,8.7,2020.0,"动画, 音乐, 奇幻"
3287562,神偷奶爸,8.7,2010.0,"喜剧, 动画, 冒险"
30170448,何以为家,9.1,2019.0,剧情
1295124,辛德勒的名单,9.5,1993.0,"剧情, 历史, 战争"
35593344,奥本海默,8.8,2023.0,"剧情, 传记, 历史"
1291548,死亡诗社,9.2,1989.0,剧情
4202982,冰雪奇缘,8.5,2014.0,"喜剧, 动画, 歌舞, 奇幻"
10533913,头脑特工队,8.8,2015.0,"喜剧, 动画, 冒险"
11525673,布达佩斯大饭店,8.9,2014.0,"剧情, 喜剧, 冒险"
1851857,蝙蝠侠：黑暗骑士,9.2,2008.0,"剧情, 动作, 科幻, 惊悚, 犯罪"
36090457,头脑特工队2,8.4,2024.0,"剧情, 喜剧, 动画, 奇幻, 冒险"
1457217,哈利·波特与凤凰社,8.6,2007.0,"奇幻, 冒险"
2133323,白日梦想家,8.6,2013.0,"剧情, 喜剧, 冒险"
1298070,加勒比海盗,8.8,2003.0,"动作, 奇幻, 冒险"
27119724,小丑,8.7,2019.0,"剧情, 惊悚, 犯罪"
2334904,禁闭岛,8.9,2010.0,"剧情, 悬疑, 惊悚"
2051007,哈利·波特与死亡圣器(上),8.6,2010.0,"奇幻, 冒险"
2353023,驯龙高手,8.8,2010.0,"动画, 奇幻, 冒险"
1292343,蝴蝶效应,8.9,2004.0,"剧情, 科幻, 悬疑, 惊悚"
5912992,熔炉,9.3,2011.0,剧情
1907966,疯狂原始人,8.7,2013.0,"喜剧, 动画, 冒险"
30334073,调音师,8.2,2019.0,"喜剧, 悬疑, 惊悚, 犯罪"
1485260,本杰明·巴顿奇事,9.0,2008.0,"剧情, 爱情, 奇幻"
1293544,沉默的羔羊,8.9,1991.0,"剧情, 惊悚, 犯罪"
1293839,罗马假日,9.1,1953.0,"剧情, 喜剧, 爱情"
1292370,剪刀手爱德华,8.7,1990.0,"剧情, 爱情, 奇幻"
10577869,时空恋旅人,8.8,2013.0,"喜剧, 爱情, 奇幻"
35575567,沙丘2,8.1,2024.0,"剧情, 动作, 科幻, 冒险"
1291571,指环王1：护戒使者,9.1,2002.0,"剧情, 动作, 奇幻, 冒险"
1291843,黑客帝国,9.1,2000.0,"动作, 科幻"
1292223,七宗罪,8.8,1995.0,"剧情, 悬疑, 惊悚, 犯罪"
36328210,姥姥的外孙,8.8,2024.0,剧情
1433330,哈利·波特与混血王子,8.4,2009.0,"奇幻, 冒险"
3011051,恐怖游轮,8.5,2009.0,"科幻, 悬疑, 惊悚, 奇幻"
21937452,素媛,9.3,2013.0,剧情
21318488,消失的爱人,8.7,2014.0,"剧情, 悬疑, 惊悚, 犯罪"
1296141,控方证人,9.6,1957.0,"剧情, 悬疑, 惊悚, 犯罪"
1291832,低俗小说,8.9,1994.0,"剧情, 喜剧, 犯罪"
1296736,钢琴家,9.3,2002.0,"剧情, 音乐, 传记, 战争"
1297359,幽灵公主,8.9,2025.0,"动画, 奇幻, 冒险"
1292656,心灵捕手,9.0,1997.0,剧情
36247731,新·驯龙高手,8.3,2025.0,"剧情, 喜剧, 动作, 奇幻, 冒险"
1292000,搏击俱乐部,9.0,1999.0,"剧情, 动作, 悬疑, 惊悚"
1291552,指环王3：王者无敌,9.3,2004.0,"剧情, 动作, 奇幻, 冒险"
1296339,爱在黎明破晓前,8.8,1995.0,"剧情, 爱情"
35883131,雄狮少年2,8.5,2024.0,"喜剧, 动作, 动画"
25980443,海边的曼彻斯特,8.6,2017.0,"剧情, 家庭"
1306029,美丽心灵,9.1,2001.0,"剧情, 传记"
4739952,初恋这件小事,8.5,2012.0,"剧情, 喜剧, 爱情"
26656728,泳者之心,9.0,2024.0,"剧情, 传记, 运动"
24773958,复仇者联盟3：无限战争,8.1,2018.0,"动作, 科幻, 奇幻, 冒险"
5322596,超脱,9.0,2011.0,剧情
1867345,遗愿清单,8.7,2007.0,"剧情, 喜剧, 冒险"
1297192,致命ID,8.9,2003.0,"剧情, 悬疑, 惊悚"
1291572,指环王2：双塔奇兵,9.2,2003.0,"剧情, 动作, 奇幻, 冒险"
1432146,钢铁侠,8.4,2008.0,"动作, 科幻, 惊悚, 冒险"
26799731,请以你的名字呼唤我,8.8,2017.0,"剧情, 爱情, 同性"
1300267,乱世佳人,9.3,1939.0,"剧情, 爱情, 历史, 战争"
1291579,怪兽电力公司,8.8,2001.0,"喜剧, 动画, 儿童, 奇幻, 冒险"
26628357,一个叫欧维的男人决定去死,8.9,2015.0,剧情
30391186,蜘蛛侠：纵横宇宙,8.5,2023.0,"喜剧, 动作, 科幻, 动画, 奇幻, 冒险"
25864085,火星救援,8.5,2015.0,"剧情, 科幻, 冒险"
1300299,杀人回忆,8.9,2003.0,"剧情, 动作, 悬疑, 惊悚, 犯罪"
27622447,小偷家族,8.7,2018.0,"剧情, 家庭, 犯罪"
35712804,首尔之春,8.8,2023.0,剧情
26325320,血战钢锯岭,8.7,2016.0,"剧情, 传记, 历史, 战争"
1866479,复仇者联盟,8.3,2012.0,"动作, 科幻, 奇幻, 冒险"
1299131,教父2,9.3,1974.0,"剧情, 犯罪"
1780330,致命魔术,8.9,2006.0,"剧情, 悬疑, 惊悚"
26258779,银河护卫队3,8.3,2023.0,"喜剧, 动作, 科幻, 惊悚, 冒险"
1959877,崖上的波妞,8.6,2020.0,"动画, 奇幻, 冒险"
3008247,穿条纹睡衣的男孩,9.2,2008.0,"剧情, 战争"
26611804,三块广告牌,8.7,2018.0,"剧情, 犯罪"
35633650,坠落的审判,8.7,2024.0,"剧情, 家庭"
25977027,小姐,8.5,2016.0,"剧情, 悬疑, 情色, 同性"
1482072,穿普拉达的女王,8.2,2007.0,"剧情, 喜剧"
25773932,爆裂鼓手,8.6,2024.0,"剧情, 音乐"
1291578,冰川时代,8.7,2002.0,"喜剧, 动画, 冒险"
1292215,天使爱美丽,8.7,2001.0,"剧情, 喜剧, 爱情"
35603727,猫猫的奇幻漂流,8.5,2025.0,"动画, 奇幻, 冒险"
1291990,爱在日落黄昏时,8.9,2004.0,"剧情, 爱情"
1294408,音乐之声,9.1,1965.0,"剧情, 爱情, 歌舞, 传记"
25807345,彗星来的那一夜,8.6,2013.0,"科幻, 悬疑, 惊悚"
24750126,荒蛮故事,8.7,2025.0,"剧情, 喜剧, 犯罪"
26374197,蜘蛛侠：平行宇宙,8.6,2018.0,"动作, 科幻, 动画, 冒险"
3395373,蝙蝠侠：黑暗骑士崛起,8.9,2012.0,"剧情, 动作, 科幻, 惊悚, 犯罪"
3075287,源代码,8.6,2011.0,"科幻, 悬疑, 惊悚"
1293359,菊次郎的夏天,8.9,2020.0,"剧情, 喜剧"
35902857,完美的日子,8.5,2024.0,剧情
5989818,萤火之森,8.8,2011.0,"剧情, 爱情, 动画, 奇幻"
1292849,拯救大兵瑞恩,9.1,1998.0,"剧情, 战争"
10777687,7号房的礼物,8.9,2013.0,"剧情, 喜剧, 家庭"
1307811,魔女宅急便,8.7,1989.0,"动画, 奇幻, 冒险"
5300054,波西米亚狂想曲,8.6,2019.0,"剧情, 同性, 音乐, 传记"
7065154,银河护卫队,8.1,2014.0,"动作, 科幻, 冒险"
1291580,杀死比尔,8.4,2003.0,"动作, 惊悚, 犯罪"
1293182,十二怒汉,9.4,1957.0,剧情
34940879,年少日记,8.4,2024.0,剧情
1858711,玩具总动员3,8.9,2010.0,"喜剧, 动画, 奇幻, 冒险"
6534248,无敌破坏王,8.7,2012.0,"喜剧, 动画, 奇幻, 冒险"
1783457,功夫熊猫,8.3,2008.0,"喜剧, 动作, 动画, 冒险"
1978709,黑天鹅,8.6,2010.0,"剧情, 惊悚"
2997076,华尔街之狼,8.1,2013.0,"剧情, 传记, 犯罪"
26259677,垫底辣妹,8.3,2016.0,"剧情, 家庭"
1309163,恋恋笔记本,8.5,2004.0,"剧情, 爱情"
1292274,幸福终点站,8.8,2005.0,"剧情, 喜剧, 爱情"
6307447,被解救的姜戈,8.8,2013.0,"剧情, 动作, 西部, 冒险"
35797709,怪物,8.6,2023.0,剧情
4202302,借东西的小人阿莉埃蒂,8.9,2010.0,"动画, 奇幻, 冒险"
6985810,狩猎,9.1,2012.0,剧情
1418834,断背山,8.8,2005.0,"剧情, 爱情, 同性, 家庭"
1787291,被嫌弃的松子的一生,8.8,2006.0,"剧情, 歌舞"
2209573,贫民窟的百万富翁,8.6,2009.0,"剧情, 爱情"
1865703,红辣椒,9.0,2006.0,"科幻, 动画, 悬疑, 惊悚"
36765646,蓦然回首,8.1,2024.0,"剧情, 动画"
6390823,美国队长2,8.1,2014.0,"动作, 科幻, 惊悚, 冒险"
10808442,爱在午夜降临前,8.9,2013.0,"剧情, 爱情"
1291828,天堂电影院,9.2,2021.0,"剧情, 爱情"
37067150,关于约会的一切,8.1,2025.0,"喜剧, 爱情"
1950148,赎罪,8.6,2008.0,"剧情, 爱情, 悬疑, 战争"
1293350,两杆大烟枪,9.1,1998.0,"剧情, 喜剧, 犯罪"
1294240,教父3,9.0,1990.0,"剧情, 犯罪"
1309101,查理和巧克力工厂,8.3,2005.0,"喜剧, 奇幻, 冒险"
10463953,模仿游戏,8.8,2015.0,"剧情, 同性, 传记, 战争"
10437779,新世界,8.9,2013.0,"剧情, 犯罪"
1438652,无耻混蛋,8.7,2009.0,"剧情, 犯罪"
1292224,飞越疯人院,9.1,1975.0,剧情
26607693,敦刻尔克,8.4,2017.0,"剧情, 历史, 战争"
30318116,利刃出鞘,8.1,2019.0,"剧情, 喜剧, 悬疑, 犯罪"
35861791,初步举证,9.5,2025.0,剧情
21937445,辩护人,9.2,2013.0,剧情
4268598,告白,8.8,2010.0,"剧情, 悬疑"
1293088,小鬼当家,8.4,1990.0,"喜剧, 家庭, 犯罪"
1297630,第六感,8.9,1999.0,"剧情, 悬疑, 惊悚"
1417598,电锯惊魂,8.7,2004.0,"悬疑, 惊悚, 恐怖"
10512661,银翼杀手2049,8.3,2017.0,"剧情, 动作, 科幻, 悬疑, 惊悚"
27024903,天才枪手,8.2,2017.0,"剧情, 悬疑, 犯罪"
1292262,美国往事,9.1,1984.0,"剧情, 犯罪"
1291575,玩具总动员,8.6,1995.0,"喜剧, 动画, 家庭"
2149806,入殓师,8.9,2021.0,剧情
1395091,未麻的部屋,9.1,1997.0,"剧情, 动画, 悬疑, 惊悚, 犯罪"
21360417,恐怖直播,8.7,2013.0,"剧情, 悬疑, 犯罪"
1291545,大鱼,8.8,2003.0,"剧情, 爱情, 奇幻, 冒险"
1292225,闪灵,8.3,1980.0,恐怖
1900841,窃听风暴,9.2,2006.0,"剧情, 悬疑"
1292401,真爱至上,8.5,2003.0,"剧情, 喜剧, 爱情"
1793491,美食总动员,8.6,2007.0,"喜剧, 动画, 奇幻"
1291992,末路狂花,9.0,1991.0,"剧情, 惊悚, 犯罪"
1308779,后天,8.3,2004.0,"科幻, 灾难"
1304447,记忆碎片,8.7,2000.0,"剧情, 悬疑, 惊悚, 犯罪"
4915857,神偷奶爸2,8.1,2014.0,"喜剧, 动画, 冒险"
3592854,疯狂的麦克斯4：狂暴之路,8.7,2015.0,"动作, 科幻, 冒险"
26393561,小萝莉的猴神大叔,8.4,2018.0,"剧情, 喜剧, 动作"
1302827,人工智能,8.7,2001.0,"剧情, 科幻"
25895901,海街日记,8.8,2015.0,"剧情, 家庭"
25929151,遇见你之前,8.1,2016.0,"剧情, 爱情"
24405378,王牌特工：特工学院,8.4,2015.0,"喜剧, 动作, 冒险"
1304102,谍影重重,8.6,2002.0,"动作, 悬疑, 惊悚"
1297052,侧耳倾听,8.9,1995.0,"剧情, 爱情, 动画"
1315574,加勒比海盗2：亡灵的宝藏,8.5,2006.0,"动作, 奇幻, 冒险"
36894170,初吻,8.5,2025.0,"爱情, 奇幻"
1292217,穆赫兰道,8.4,2001.0,"剧情, 悬疑, 惊悚"
1959195,忠犬八公物语,9.2,1987.0,剧情
1303021,小鞋子,9.2,1997.0,"剧情, 家庭, 儿童"
3005875,2012,8.0,2009.0,"科幻, 灾难"
1794171,变形金刚,8.4,2007.0,"动作, 科幻"
25814705,小森林 夏秋篇,9.0,2014.0,剧情
1300374,绿里奇迹,8.9,1999.0,"剧情, 悬疑, 犯罪, 奇幻"
1302467,黑客帝国3：矩阵革命,8.8,2003.0,"动作, 科幻"
1304141,黑客帝国2：重装上阵,8.7,2003.0,"动作, 科幻"
1309069,蝙蝠侠：侠影之谜,8.6,2005.0,"剧情, 动作, 科幻, 惊悚, 犯罪"
20645098,小王子,8.4,2015.0,"动画, 奇幻"
1306809,生化危机,8.3,2002.0,"动作, 科幻, 恐怖"
3804629,招魂,8.1,2013.0,"悬疑, 惊悚, 恐怖"
1291585,风之谷,8.9,1992.0,"动画, 奇幻, 冒险"
30257175,燃烧女子的肖像,8.7,2019.0,"剧情, 爱情, 同性"
1292226,2001太空漫游,8.9,1968.0,"科幻, 惊悚, 冒险"
1793929,达拉斯买家俱乐部,8.8,2013.0,"剧情, 同性, 传记"
25814707,小森林 冬春篇,9.0,2015.0,剧情
26842702,燃烧,8.1,2018.0,"剧情, 悬疑, 犯罪"
1298038,诺丁山,8.0,1999.0,"喜剧, 爱情"
1966182,霍比特人1：意外之旅,8.5,2013.0,"动作, 奇幻, 冒险"
4917726,阳光姐妹淘,8.8,2011.0,"剧情, 喜剧"
1294639,勇敢的心,8.9,1995.0,"剧情, 动作, 传记, 历史, 战争"
1461403,茶馆,9.6,1982.0,"剧情, 历史"
1306861,我是山姆,9.0,2001.0,"剧情, 家庭"
6722879,她,8.4,2013.0,"剧情, 爱情, 科幻"
26761416,至暗时刻,8.5,2017.0,"剧情, 传记, 历史, 战争"
1306664,共同警备区,9.0,2000.0,剧情
35284253,青春变形记,8.0,2022.0,"喜剧, 动画, 奇幻, 冒险"
1294371,摩登时代,9.3,1936.0,"剧情, 喜剧, 爱情"
2973079,霍比特人3：五军之战,8.6,2015.0,"动作, 奇幻, 冒险"
1422283,高山下的花环,9.5,1984.0,"剧情, 战争"
1300992,完美的世界,9.1,1993.0,"剧情, 犯罪"
2043546,秒速5厘米,8.3,2007.0,"剧情, 爱情, 动画"
1418192,加勒比海盗3：世界的尽头,8.4,2007.0,"动作, 奇幻, 冒险"
3233635,功夫熊猫2,8.1,2011.0,"喜剧, 动作, 动画, 冒险"
1306612,蜘蛛侠,8.1,2002.0,"动作, 科幻, 冒险"
1578507,谍影重重3,8.9,2007.0,"动作, 悬疑, 惊悚"
1428175,血钻,8.7,2006.0,"剧情, 惊悚, 冒险"
1300117,千钧一发,8.8,1997.0,"剧情, 科幻, 惊悚"
4824512,驯龙高手2,8.1,2014.0,"动画, 奇幻, 冒险"
1945780,血色将至,8.4,2007.0,剧情
1291838,红猪,8.6,2023.0,"喜剧, 动画, 冒险"
4023638,国王的演讲,8.4,2012.0,"剧情, 传记, 历史"
1291586,海底总动员,8.5,2003.0,"喜剧, 动画, 冒险"
3042261,西线无战事,8.5,2022.0,"剧情, 动作, 战争"
3011308,孤儿怨,8.2,2009.0,"悬疑, 惊悚, 恐怖"
1760622,香水,8.5,2006.0,"剧情, 犯罪, 奇幻"
1293861,油炸绿番茄,8.8,1991.0,剧情
1291574,玩具总动员2,8.5,1999.0,"喜剧, 动画, 奇幻, 冒险"
20438964,无敌破坏王2：大闹互联网,8.0,2018.0,"喜剧, 动画, 奇幻, 冒险"
1291870,雨人,8.7,1988.0,剧情
35611467,老狐狸,8.1,2023.0,剧情
3006772,第九区,8.4,2009.0,"剧情, 动作, 科幻, 惊悚"
1295045,天才瑞普利,8.3,1999.0,"剧情, 惊悚, 犯罪"
35736202,狗神,8.1,2023.0,剧情
1857099,老无所依,8.4,2007.0,"剧情, 惊悚, 犯罪"
36689857,荒野机器人,8.2,2024.0,"科幻, 动画, 冒险"
6850547,玩具总动员4,8.5,2019.0,"喜剧, 动画, 奇幻"
1291936,攻壳机动队,9.0,2025.0,"动作, 科幻, 动画"
26615208,隐藏人物,8.9,2016.0,"剧情, 传记, 历史"
3269068,精灵旅社,8.1,2013.0,"喜剧, 动画, 奇幻"
1308767,谍影重重2,8.7,2004.0,"动作, 悬疑, 惊悚"
1310177,东京教父,9.0,2003.0,"剧情, 喜剧, 动画"
30466931,波斯语课,8.1,2021.0,剧情
11606328,霍比特人2：史矛革之战,8.5,2014.0,"动作, 奇幻, 冒险"
6791750,起风了,8.2,2013.0,"剧情, 爱情, 动画"
3789848,怪兽大学,8.3,2013.0,"喜剧, 动画, 冒险"
3068206,碟中谍4,8.4,2012.0,"动作, 惊悚, 冒险"
1291822,卢旺达饭店,8.9,2004.0,"剧情, 传记, 历史, 战争"
1293181,惊魂记,9.0,1960.0,"悬疑, 惊悚, 恐怖"
25787888,八恶人,8.7,2015.0,"剧情, 犯罪, 西部"
1419936,战争之王,8.7,2005.0,"剧情, 犯罪"
1291844,终结者2：审判日,8.8,1991.0,"动作, 科幻"
10485647,X战警：逆转未来,8.2,2014.0,"剧情, 动作, 科幻, 冒险"
1292337,无人知晓,9.1,2004.0,剧情
1292348,洛城机密,8.9,1997.0,"剧情, 悬疑, 惊悚, 犯罪"
1945330,迷雾,8.1,2007.0,"科幻, 惊悚, 恐怖"
10594965,实习生,8.0,2015.0,喜剧
3072124,玛丽和麦克斯,9.0,2025.0,"剧情, 喜剧, 动画"
2222996,步履不停,8.8,2008.0,"剧情, 家庭"
4746257,明日边缘,8.2,2014.0,"动作, 科幻"
1305666,时时刻刻,8.7,2002.0,剧情
26614893,完美陌生人,8.5,2018.0,"剧情, 喜剧"
1293929,廊桥遗梦,8.8,1995.0,"剧情, 爱情"
26419637,误杀瞒天记,8.7,2022.0,"剧情, 悬疑, 犯罪"
1293318,萤火虫之墓,8.7,1988.0,"剧情, 动画, 战争"
1418752,万能钥匙,8.0,2005.0,"剧情, 悬疑, 恐怖"
33432655,困在时间里的父亲,8.6,2021.0,剧情
3796613,与玛格丽特的午后,9.1,2010.0,喜剧
1291584,杀死比尔2,8.1,2004.0,"动作, 惊悚, 犯罪"
4848115,你看起来好像很好吃,8.9,2010.0,"剧情, 动画, 儿童"
1292484,碟中谍,8.3,1996.0,"动作, 惊悚, 冒险"
1291879,罗生门,8.8,1950.0,"剧情, 悬疑, 犯罪"
1863766,魔发奇缘,8.3,2011.0,"喜剧, 动画, 冒险"
6874403,再次出发之纽约遇见你,8.6,2015.0,"喜剧, 爱情, 音乐"
1292523,侏罗纪公园,8.3,2013.0,"科幻, 惊悚, 冒险"
25724855,房间,8.7,2015.0,"剧情, 家庭"
1300868,异形,8.3,1979.0,"科幻, 惊悚, 恐怖"
25765735,金刚狼3：殊死一战,8.3,2017.0,"剧情, 动作, 科幻"
26683421,特工,8.8,2018.0,剧情
4286017,速度与激情5,8.5,2011.0,"动作, 犯罪"
27615441,网络谜踪,8.5,2018.0,"剧情, 悬疑, 惊悚, 犯罪"
6538866,极速车王,8.5,2020.0,"剧情, 传记, 运动"
2286642,名侦探柯南：贝克街的亡灵,8.8,2023.0,"动画, 悬疑, 冒险"
1293460,雨中曲,9.1,1952.0,"喜剧, 爱情, 歌舞"
1297880,芙蓉镇,9.3,1987.0,"剧情, 爱情"
3274505,猩球崛起,8.2,2011.0,"剧情, 动作, 科幻"
5294851,控方证人,9.4,1982.0,"剧情, 悬疑, 犯罪"
1292233,发条橙,8.6,1971.0,"剧情, 科幻, 犯罪"
35076714,扎克·施奈德版正义联盟,8.1,2021.0,"动作, 科幻, 奇幻, 冒险"
1308752,生化危机2：启示录,8.0,2004.0,"动作, 科幻, 恐怖"
1309021,康斯坦丁,8.1,2005.0,"动作, 惊悚, 奇幻"
3552028,弱点,8.7,2009.0,"剧情, 家庭, 传记, 运动"
1820156,我是传奇,8.2,2007.0,"剧情, 动作, 惊悚, 冒险"
1307394,千年女优,8.8,2001.0,"剧情, 爱情, 动画"
3205624,社交网络,8.2,2010.0,"剧情, 传记"
1291839,银翼杀手,8.6,1982.0,"科幻, 惊悚"
1300613,土拨鼠之日,8.6,1993.0,"剧情, 喜剧, 爱情, 奇幻"
27166442,夏目友人帐,8.0,2019.0,"剧情, 动画, 奇幻"
1294638,E.T.外星人,8.6,2002.0,"剧情, 科幻"
1292222,出租车司机,8.6,1976.0,"剧情, 犯罪"
20470074,言叶之庭,8.3,2013.0,"爱情, 动画"
26897885,芬奇,8.4,2021.0,"剧情, 科幻"
26340419,帕丁顿熊2,8.0,2017.0,"喜剧, 动画, 家庭"
1309060,僵尸新娘,8.3,2005.0,"剧情, 动画, 奇幻"
25938803,莫娣,9.0,2016.0,"剧情, 爱情, 传记"
35315950,灌篮高手,8.9,2023.0,"动画, 运动"
35876302,晒后假日,8.2,2022.0,剧情
1937946,穿越时空的少女,8.6,2025.0,"剧情, 爱情, 科幻, 动画"
36752929,夜班,8.4,2025.0,剧情
1300555,回到未来,8.8,1985.0,"喜剧, 科幻, 冒险"
1292659,变脸,8.5,1997.0,"动作, 科幻, 惊悚, 犯罪"
1293964,魂断蓝桥,8.8,1940.0,"剧情, 爱情, 战争"
1301445,黑衣人,8.3,1997.0,"喜剧, 动作, 科幻"
6981153,爱尔兰人,8.8,2019.0,"剧情, 传记, 犯罪"
1296909,虎口脱险,8.9,1966.0,"喜剧, 战争"
1307856,背靠背，脸对脸,9.5,1994.0,剧情
2300586,这个男人来自地球,8.5,2007.0,"剧情, 科幻"
1294194,悲情城市,9.0,1989.0,"剧情, 历史"
21359690,熊出没之过年,8.9,2013.0,"剧情, 喜剧, 动画, 家庭, 儿童, 冒险"
25868125,穿靴子的猫2,8.1,2022.0,"喜剧, 爱情, 动画, 悬疑, 歌舞, 奇幻, 冒险"
1296196,乱,8.9,1985.0,"剧情, 动作"
6803494,极速风流,8.7,2015.0,"剧情, 传记, 运动"
1428878,赛车总动员,8.2,2006.0,"喜剧, 动画, 冒险"
26593587,天才少女,8.3,2017.0,"剧情, 家庭"
1299603,落水狗,8.4,1992.0,"惊悚, 犯罪"
26220731,熊出没之雪岭熊风,8.5,2015.0,"喜剧, 动画, 家庭, 冒险"
1297995,美女与野兽,8.5,1991.0,"喜剧, 爱情, 动画, 歌舞, 奇幻"
26354572,欢乐好声音,8.1,2017.0,"喜剧, 动画, 歌舞"
10741643,我的个神啊,8.4,2015.0,"喜剧, 奇幻"
1298909,魔鬼代言人,8.4,1997.0,"剧情, 悬疑, 惊悚"
1291856,戏梦巴黎,8.1,2003.0,"剧情, 爱情, 情色"
26416603,萨利机长,8.3,2016.0,"剧情, 传记"
1300275,大开眼戒,8.1,1999.0,"剧情, 悬疑, 惊悚, 情色"
3168089,X战警：第一战,8.2,2011.0,"剧情, 动作, 科幻"
1296217,一级恐惧,8.5,1996.0,"剧情, 悬疑, 犯罪"
30327842,82年生的金智英,8.6,2019.0,剧情
1295399,七武士,9.3,1954.0,"剧情, 动作, 冒险"
4826419,金福南杀人事件始末,8.6,2010.0,"剧情, 惊悚, 犯罪"
26703158,斯隆女士,8.8,2016.0,"剧情, 悬疑"
7059671,最佳出价,8.4,2013.0,"剧情, 爱情, 悬疑"
1920805,成为简·奥斯汀,8.3,2007.0,"剧情, 爱情, 传记"
1292528,猜火车,8.6,1996.0,"剧情, 犯罪"
1309071,天国王朝,8.6,2005.0,"剧情, 历史, 战争"
1309220,黑社会,8.5,2005.0,"剧情, 惊悚, 犯罪"
1298112,堕落天使,8.4,1995.0,"剧情, 喜剧, 爱情, 犯罪"
2213597,朗读者,8.6,2008.0,"剧情, 爱情"
30170546,乔乔的异想世界,8.3,2020.0,"剧情, 喜剧, 战争"
1291868,情人,8.2,1992.0,"剧情, 爱情, 情色, 传记"
1291577,超人总动员,8.2,2005.0,"喜剧, 动作, 动画, 冒险"
6879185,为奴十二年,8.3,2013.0,"剧情, 传记, 历史"
3670447,大内密探灵灵狗,5.3,2009.0,"喜剧, 动作, 武侠, 古装"
11614603,整容日记,4.8,2014.0,"喜剧, 爱情"
1292506,赌神2,8.1,1994.0,"喜剧, 动作"
10726941,窃听风云3,6.4,2014.0,"动作, 悬疑, 惊悚, 犯罪"
35633904,刺猬,7.3,2024.0,"剧情, 喜剧, 家庭"
10545939,黄金时代,7.4,2014.0,"剧情, 爱情, 传记"
1292704,黄飞鸿之三：狮王争霸,8.2,1992.0,"剧情, 动作, 武侠, 古装"
1400665,济公,7.6,1993.0,"喜剧, 奇幻"
1428602,杀破狼,7.7,2005.0,"剧情, 动作, 犯罪"
35208467,想见你,6.2,2022.0,"爱情, 悬疑, 奇幻"
1303203,瘦身男女,7.0,2001.0,"喜剧, 爱情"
2294568,南京！南京！,7.6,2009.0,"剧情, 历史, 战争"
1302977,赌侠2：上海滩赌圣,7.8,1991.0,"喜剧, 奇幻"
5194471,画壁,4.9,2011.0,"剧情, 动作, 爱情, 奇幻"
6041191,听风者,6.9,2012.0,"剧情, 悬疑"
25966085,踏血寻梅,7.5,2015.0,"剧情, 悬疑, 犯罪"
35483395,戏台,7.9,2025.0,"剧情, 喜剧"
1400868,警察故事,8.2,1985.0,"喜剧, 动作, 惊悚, 犯罪"
2359431,保持通话,6.8,2008.0,"剧情, 动作"
1408312,笑林小子,8.0,1994.0,喜剧
1293475,黄飞鸿之二：男儿当自强,8.3,1992.0,"剧情, 动作, 爱情, 武侠, 古装"
27114416,廉政风云,5.4,2019.0,"剧情, 悬疑, 犯罪"
3928370,越光宝盒,5.4,2010.0,"喜剧, 爱情, 奇幻, 古装"
1302678,逃学威龙3之龙过鸡年,7.7,1993.0,喜剧
3291930,赤壁(下),6.4,2009.0,"动作, 历史, 战争, 古装"
5317291,西游记之大闹天宫,4.4,2014.0,"动作, 奇幻"
3279107,大兵小将,6.9,2010.0,"喜剧, 动作, 冒险"
4843637,最爱,7.4,2011.0,"剧情, 爱情"
22715021,僵尸,8.0,2013.0,恐怖
24529353,绝地逃亡,5.7,2016.0,"喜剧, 动作"
16475702,一夜惊喜,5.2,2013.0,"喜剧, 爱情"
1292895,精武英雄,8.7,1994.0,"剧情, 动作"
26342391,紧急救援,5.9,2020.0,"动作, 灾难"
26352445,反贪风暴2,6.0,2016.0,"剧情, 犯罪"
1304677,千王之王2000,7.0,1999.0,喜剧
25746375,我是路人甲,7.1,2015.0,"剧情, 喜剧"
4097023,新少林寺,6.2,2011.0,"剧情, 动作"
25835293,失孤,6.9,2015.0,剧情
35815771,误杀3,6.0,2024.0,"剧情, 悬疑, 犯罪"
1439890,情癫大圣,5.5,2005.0,"剧情, 喜剧, 动作, 爱情, 奇幻"
3711760,倩女幽魂,5.5,2011.0,"剧情, 惊悚, 奇幻, 古装"
4942776,武侠,6.7,2011.0,"剧情, 动作, 悬疑, 武侠"
10604892,四大名捕2,5.4,2013.0,"动作, 悬疑, 奇幻, 武侠, 古装"
1433736,古惑仔之人在江湖,7.9,1996.0,"动作, 犯罪"
25823833,天将雄师,6.0,2015.0,"动作, 战争, 古装"
1499148,蓝莓之夜,7.7,2007.0,"剧情, 爱情"
11526817,刺客信条,5.3,2017.0,"动作, 科幻, 历史, 冒险"
10833924,天台爱情,6.7,2013.0,"喜剧, 动作, 爱情, 歌舞"
1484760,黑社会2：以和为贵,8.4,2006.0,"剧情, 惊悚, 犯罪"
4133988,枪王之王,6.7,2010.0,"动作, 悬疑, 惊悚"
4004731,海洋天堂,8.0,2010.0,剧情
25881247,边境杀手,7.8,2015.0,"剧情, 惊悚, 犯罪"
1293422,监狱风云,8.4,1987.0,"剧情, 动作, 犯罪"
1301198,少林寺,8.4,1982.0,"动作, 武侠, 古装"
1295064,城市猎人,7.8,1993.0,"喜剧, 动作, 爱情"
4913200,大魔术师,6.5,2011.0,"剧情, 喜剧, 爱情, 奇幻"
4133814,线人,7.4,2010.0,"剧情, 动作, 惊悚"
34436452,第八个嫌疑人,6.0,2023.0,"剧情, 犯罪"
3754946,锦衣卫,6.0,2010.0,"剧情, 动作, 惊悚, 武侠, 古装"
2044102,导火线,7.5,2007.0,"动作, 犯罪"
25955779,忍者神龟2：破影而出,6.6,2016.0,"喜剧, 动作, 科幻, 冒险"
25792690,反贪风暴,6.2,2014.0,"剧情, 动作, 犯罪"
1291851,小武,8.6,1998.0,剧情
1307747,情圣,7.6,1991.0,喜剧
2209368,新宿事件,7.7,2009.0,"剧情, 犯罪"
25713408,一生一世,5.3,2014.0,爱情
1305046,双瞳,7.7,2002.0,"剧情, 悬疑, 惊悚, 犯罪"
25908042,横冲直撞好莱坞,4.5,2015.0,"喜剧, 动作, 冒险"
5290729,全球热恋,5.6,2011.0,"喜剧, 爱情"
1298040,倩女幽魂3：道道道,7.7,1991.0,"动作, 爱情, 奇幻, 古装"
1308655,新扎师妹,8.1,2002.0,"喜剧, 爱情"
26279433,剩者为王,5.9,2015.0,"剧情, 爱情"
1296011,红番区,7.8,1995.0,"喜剧, 动作, 犯罪"
24695277,一个人的武林,6.7,2014.0,"动作, 惊悚"
10604893,四大名捕大结局,5.3,2014.0,"动作, 爱情, 悬疑, 武侠, 古装"
3230462,女人不坏,6.0,2008.0,喜剧
1305197,97家有喜事,7.7,1997.0,喜剧
1297304,笑傲江湖,8.1,1990.0,"动作, 武侠, 古装"
26749938,酱园弄·悬案,5.6,2025.0,"剧情, 犯罪"
24987018,赤道,6.3,2015.0,"剧情, 动作, 悬疑, 犯罪"
25444447,黄飞鸿之英雄有梦,5.7,2014.0,"剧情, 动作, 爱情, 武侠"
1293607,算死草,7.0,1997.0,"剧情, 喜剧"
35074609,金手指,6.1,2023.0,"剧情, 犯罪"
35503125,还是觉得你最好,7.3,2022.0,"喜剧, 爱情"
21359619,单身男女2,5.6,2014.0,"喜剧, 爱情"
3742937,超级战舰,6.7,2012.0,"动作, 科幻, 冒险, 灾难"
1307740,千机变,6.0,2003.0,"喜剧, 动作, 恐怖, 冒险"
1394324,东方不败之风云再起,7.4,1993.0,"动作, 爱情, 武侠, 古装"
26284595,大话西游3,4.1,2016.0,"喜剧, 爱情, 奇幻"
1308111,钟无艳,7.1,2001.0,"喜剧, 奇幻, 古装"
1300616,买凶拍人,8.2,2001.0,"喜剧, 动作, 犯罪"
1297068,中南海保镖,7.9,1994.0,"剧情, 动作"
1301283,古惑仔3之只手遮天,7.8,1996.0,"剧情, 动作"
1293315,阿郎的故事,8.5,1989.0,"剧情, 家庭"
6991110,消失的子弹,6.5,2012.0,"动作, 悬疑, 犯罪"
1293414,阮玲玉,8.7,1991.0,"剧情, 爱情, 传记"
26235346,犯罪现场,6.2,2019.0,"悬疑, 惊悚, 犯罪"
36211169,浴火之路,6.2,2024.0,"剧情, 犯罪"
25945280,我的特工爷爷,5.6,2016.0,"剧情, 动作, 冒险"
1790577,放·逐,8.3,2006.0,"惊悚, 犯罪"
25713420,钟馗伏魔：雪妖魔灵,4.4,2015.0,"动作, 爱情, 奇幻"
1315316,无间道风云,7.3,2006.0,"剧情, 惊悚, 犯罪"
1297710,天若有情,8.4,1990.0,"剧情, 动作, 爱情"
1308587,向左走·向右走,7.0,2003.0,爱情
1473074,古惑仔2之猛龙过江,7.7,1996.0,"剧情, 动作"
1300108,秋菊打官司,8.2,1992.0,剧情
10772258,麦兜·当当伴我心,8.5,2012.0,"喜剧, 动画"
1416728,花田喜事,7.7,1993.0,"喜剧, 爱情, 古装"
1296837,洪熙官,8.0,1994.0,"剧情, 动作, 冒险, 武侠, 古装"
1308827,花好月圆,6.2,2004.0,"喜剧, 爱情, 古装"
1302109,十二夜,8.3,2000.0,"剧情, 爱情"
20388198,风暴,6.5,2013.0,"动作, 犯罪"
2277018,麦兜响当当,7.6,2009.0,"喜剧, 动画"
1296693,醉拳,7.8,1978.0,"喜剧, 动作"
1296978,双龙会,7.7,1992.0,"喜剧, 动作"
26353671,明日战记,6.1,2022.0,"动作, 科幻"
1307657,古墓丽影2,6.6,2003.0,"动作, 冒险"
3078390,太平轮(上),6.0,2014.0,"剧情, 爱情, 战争"
4942778,白蛇传说,4.8,2011.0,"动作, 爱情, 奇幻, 古装"
25858758,侠盗联盟,5.2,2017.0,"动作, 冒险"
3804746,花田喜事2010,5.4,2010.0,"喜剧, 爱情, 古装"
32579501,反贪风暴5：最终章,4.6,2021.0,"动作, 犯罪"
1308927,笑林小子2：新乌龙院,7.9,1994.0,"喜剧, 动作"
3718447,三枪拍案惊奇,4.8,2009.0,"喜剧, 悬疑, 古装"
1294927,星愿,7.3,1999.0,"剧情, 爱情, 奇幻"
1308811,千机变Ⅱ花都大战,5.4,2004.0,"喜剧, 动作, 奇幻, 冒险"
1302753,飞鹰计划,7.9,1991.0,"喜剧, 动作, 冒险"
1296203,警察故事3：超级警察,7.9,1992.0,"喜剧, 动作, 犯罪"
35198827,当男人恋爱时,6.3,2021.0,爱情
1295933,僵尸先生,8.5,1985.0,"喜剧, 动作, 奇幻"
1307319,醉拳2,8.1,1994.0,"喜剧, 动作"
1299120,A计划续集,7.9,1987.0,"喜剧, 动作, 犯罪"
1304726,警察故事续集,7.9,1988.0,"喜剧, 动作, 犯罪"
26125779,危城,6.0,2016.0,"剧情, 动作, 犯罪, 武侠, 古装"
1295485,方世玉续集,7.9,1993.0,"喜剧, 动作, 武侠, 古装"
1302434,机动部队,8.3,2003.0,"剧情, 犯罪"
1295469,风云雄霸天下,7.1,1998.0,"剧情, 动作, 奇幻, 古装"
3077668,天水围的日与夜,8.7,2008.0,"剧情, 家庭"
25709273,痞子英雄2：黎明升起,5.6,2014.0,"剧情, 动作, 犯罪"
26704590,一念无明,7.9,2017.0,"剧情, 家庭"
4728584,不再让你孤单,7.0,2011.0,"剧情, 爱情"
1310159,梁祝,8.6,1994.0,"剧情, 爱情, 奇幻, 古装"
36401888,谈判专家,7.2,2024.0,"剧情, 犯罪"
1460996,十兄弟,7.0,1995.0,"喜剧, 动作, 奇幻, 冒险"
1307762,赤裸特工,6.4,2002.0,"剧情, 动作, 爱情, 惊悚"
1867408,伤城,6.8,2006.0,"剧情, 惊悚, 犯罪"
4906427,万有引力,6.3,2011.0,"剧情, 喜剧, 爱情, 悬疑"
3532614,夺命金,7.4,2012.0,"剧情, 犯罪"
1308858,麦兜，菠萝油王子,8.1,2004.0,"剧情, 喜剧, 动画"
26796664,叶问外传：张天志,5.5,2018.0,"剧情, 动作, 犯罪"
3312344,证人,7.3,2008.0,"动作, 惊悚"
33414470,水饺皇后,6.1,2025.0,"剧情, 传记"
1299624,半生缘,7.9,1997.0,"剧情, 爱情"
1303376,金枝玉叶,8.4,1994.0,"喜剧, 爱情, 同性"
35494829,红毯先生,6.5,2024.0,"剧情, 喜剧"
1300359,大块头有大智慧,6.9,2003.0,"剧情, 动作, 惊悚"
1308338,蜀山传,7.0,2001.0,"剧情, 动作, 奇幻, 武侠, 古装"
1303184,异度空间,7.6,2005.0,"剧情, 恐怖"
1295374,金玉满堂,8.2,1995.0,"喜剧, 爱情"
1299374,我左眼见到鬼,7.8,2002.0,"喜剧, 爱情, 恐怖, 家庭"
35749842,朱同在三年级丢失了超能力,7.7,2024.0,"喜剧, 奇幻"
3013580,意外,7.4,2009.0,"悬疑, 惊悚"
5908477,鸿门宴传奇,6.4,2011.0,"剧情, 动作, 历史, 古装"
1478926,龙虎门,6.0,2006.0,"剧情, 动作, 奇幻"
2080133,男儿本色,7.1,2007.0,"动作, 犯罪"
1307371,开心鬼,7.7,1984.0,"喜剧, 家庭, 奇幻"
1292867,快餐车,7.9,1984.0,"喜剧, 动作"
5977836,逆战,6.4,2012.0,"剧情, 动作, 惊悚, 犯罪"
1292450,暗花,8.3,1998.0,"剧情, 动作, 悬疑, 犯罪"
1301912,秋天的童话,8.5,1987.0,"剧情, 爱情"
25884416,麦兜·我和我妈妈,8.6,2014.0,"喜剧, 动画, 家庭"
1292962,黑金,7.8,1997.0,"剧情, 动作, 犯罪"
1393479,韩城攻略,6.1,2005.0,"剧情, 喜剧, 动作"
1305201,黄飞鸿之铁鸡斗蜈蚣,7.3,1993.0,"喜剧, 动作, 历史, 武侠"
1400668,无敌幸运星,7.3,1990.0,"喜剧, 动作"
1297291,夏日么么茶,6.7,2000.0,"喜剧, 爱情"
1947091,三国之见龙卸甲,5.6,2008.0,"剧情, 动作, 历史, 战争"
10540066,大上海,6.7,2012.0,"剧情, 动作"
1296519,喋血双雄,8.5,1989.0,"剧情, 动作, 惊悚, 犯罪"
26235349,三人行,5.9,2016.0,"剧情, 动作, 犯罪"
1299250,给爸爸的信,8.1,1995.0,"剧情, 动作, 犯罪"
6984064,非常幸运,4.6,2013.0,"喜剧, 爱情"
3606975,孔子,5.6,2010.0,"剧情, 传记, 历史, 古装"
26985857,巨额来电,5.6,2017.0,"剧情, 犯罪"
26662192,王牌逗王牌,3.3,2016.0,"喜剧, 动作, 冒险"
1293765,白发魔女传,7.7,1993.0,"动作, 爱情, 奇幻, 冒险, 武侠, 古装"
1455979,墨攻,6.2,2006.0,"剧情, 动作, 战争"
25956520,太平轮(下)·彼岸,6.6,2015.0,"剧情, 爱情, 灾难"
4860078,无间道(正序版),9.2,2006.0,"剧情, 犯罪"
36421884,焚城,6.8,2024.0,"剧情, 动作, 灾难"
1297517,新天龙八部之天山童姥,7.6,1994.0,"动作, 武侠, 古装"
26425072,明月几时有,6.8,2017.0,"剧情, 历史, 战争"
1305114,山村老尸,6.9,1999.0,恐怖
1305582,超级学校霸王,7.6,1993.0,"喜剧, 动作, 奇幻"
1853160,狗咬狗,8.1,2006.0,"剧情, 动作, 惊悚, 犯罪"
25850122,封神传奇,3.0,2016.0,"剧情, 动作, 奇幻"
4821046,关云长,5.0,2011.0,"动作, 传记, 历史, 古装"
4735944,龙凤店,5.2,2010.0,"喜剧, 爱情, 古装"
4845414,我知女人心,5.6,2011.0,"喜剧, 爱情"
26752547,催眠·裁决,5.7,2019.0,"悬疑, 犯罪"
27201353,大师兄,5.1,2018.0,"喜剧, 动作"
25857966,鲛珠传,4.2,2017.0,"喜剧, 动作, 爱情, 奇幻"
1308838,龙凤斗,6.7,2004.0,"剧情, 喜剧, 爱情"
1293759,英雄本色3：夕阳之歌,7.5,1989.0,"动作, 战争"
3305722,刺陵,3.9,2009.0,"动作, 冒险"
6738735,大追捕,7.3,2012.0,"剧情, 动作, 悬疑, 惊悚, 犯罪"
1306317,美少年之恋,7.5,1998.0,"剧情, 爱情, 同性"
25881780,命中注定,5.8,2015.0,"喜剧, 爱情"
1292843,黄飞鸿之西域雄狮,7.1,1997.0,"动作, 历史, 西部, 冒险"
1293265,97古惑仔战无不胜,7.6,1997.0,"剧情, 动作"
1306692,枪王,8.2,2000.0,"动作, 犯罪"
5250583,最强囍事,5.2,2011.0,"喜剧, 爱情"
21941770,赏金猎人,5.2,2016.0,"剧情, 喜剧, 动作"
32493666,追虎擒龙,5.0,2021.0,"剧情, 动作, 犯罪"
1307043,东京攻略,6.4,2000.0,"剧情, 喜剧, 动作, 爱情"
26857793,原谅他77次,6.4,2017.0,爱情
1300265,六指琴魔,7.3,1994.0,"动作, 武侠, 古装"
1306541,玻璃樽,6.6,1999.0,"喜剧, 动作, 爱情"
3777800,月满轩尼诗,6.7,2010.0,"喜剧, 爱情"
1292289,心动,8.1,1999.0,爱情
7003416,冲上云霄,4.5,2015.0,"剧情, 爱情"
1303913,南海十三郎,9.3,1997.0,"剧情, 爱情, 传记"
4062922,72家租客,6.7,2010.0,喜剧
1294114,冒险王,6.8,1996.0,动作
1301865,咖喱辣椒,7.5,1990.0,"喜剧, 动作, 爱情, 犯罪"
1294671,中华英雄,6.5,1999.0,"剧情, 动作, 冒险"
1306057,龙的传人,7.4,1991.0,喜剧
3792816,精武风云·陈真,6.1,2010.0,动作
3244162,家有喜事2009,5.5,2009.0,喜剧
1299550,行运一条龙,7.0,1998.0,"剧情, 喜剧, 爱情"
1464338,最爱女人购物狂,6.5,2006.0,"喜剧, 爱情"
1300070,赌侠1999,6.9,1998.0,喜剧
36093612,白日之下,7.8,2024.0,"剧情, 犯罪"
1296272,跛豪,8.3,1991.0,"剧情, 传记, 犯罪"
36401937,误判,6.9,2024.0,"剧情, 动作, 犯罪"
1296947,警察故事4：简单任务,7.7,1996.0,"喜剧, 动作, 犯罪"
20443013,救火英雄,7.3,2014.0,"动作, 灾难"
1307849,老鼠爱上猫,5.6,2003.0,"喜剧, 动作, 爱情"
2994851,血滴子,4.8,2012.0,"动作, 武侠, 古装"
26827040,英雄本色2018,4.5,2018.0,"剧情, 动作"
1301381,赌神3之少年赌神,7.1,1996.0,"剧情, 喜剧, 动作"
3262939,游龙戏凤,6.0,2009.0,爱情
1293867,和平饭店,7.6,1995.0,"动作, 西部"
1306733,新精武门1991,7.4,1991.0,"喜剧, 动作"
35927496,潜行,5.0,2023.0,"剧情, 动作, 犯罪"
3329192,未来警察,4.1,2010.0,科幻
1308290,98古惑仔之龙争虎斗,7.3,1998.0,动作
26711487,决战食神,4.6,2017.0,"剧情, 动作"
1401205,七剑,6.0,2005.0,"剧情, 动作, 武侠, 古装"
1306712,开心鬼撞鬼,7.5,1986.0,"喜剧, 奇幻"
1308749,忘不了,7.8,2003.0,"剧情, 爱情"
1303590,玻璃之城,7.9,1998.0,"剧情, 爱情"
2222995,硬汉,6.2,2008.0,"喜剧, 动作"
1300608,夕阳天使,6.7,2002.0,"动作, 犯罪"
1468155,伊莎贝拉,7.6,2006.0,剧情
4728471,神奇侠侣,5.1,2011.0,"喜剧, 古装"
20515977,魔警,6.1,2014.0,"动作, 悬疑, 惊悚, 犯罪"
35013359,扫毒3：人在天涯,5.5,2023.0,"剧情, 动作, 犯罪"
1418187,忍者神龟,6.5,2007.0,"剧情, 喜剧, 动作, 动画, 家庭, 奇幻, 冒险"
3736637,苏乞儿,5.1,2010.0,"剧情, 动作, 历史"
1297248,五亿探长雷洛传1：雷老虎,7.9,1991.0,"剧情, 动作, 爱情, 犯罪"
25753166,等一个人咖啡,6.2,2014.0,"喜剧, 爱情"
25856453,闺蜜2,2.7,2018.0,"喜剧, 爱情"
1307868,决战紫禁之巅,5.9,2000.0,"喜剧, 动作, 奇幻, 冒险"
1291850,站台,8.4,2000.0,"剧情, 历史"
3804470,分手说爱你,7.4,2010.0,"剧情, 喜剧, 爱情"
1329962,早熟,6.7,2005.0,"剧情, 爱情"
35491115,临时劫案,6.2,2024.0,"喜剧, 动作, 犯罪"
1298252,胜者为王,7.4,2000.0,"惊悚, 犯罪"
36484198,重生,5.6,2024.0,犯罪
27662747,许愿神龙,6.5,2021.0,"喜剧, 动画, 奇幻"
1304708,游园惊梦,7.6,2001.0,"剧情, 爱情, 同性"
1295106,鼠胆龙威,7.5,1995.0,"喜剧, 动作, 犯罪"
1307906,孤男寡女,7.1,2000.0,"喜剧, 爱情"
30376977,小Q,6.5,2019.0,剧情
1308129,赌侠大战拉斯维加斯,6.5,1999.0,"喜剧, 动作"
35311878,正义回廊,7.5,2022.0,"剧情, 犯罪"
1951318,生日快乐,7.1,2007.0,爱情
26279202,“吃吃”的爱,5.2,2017.0,"喜剧, 爱情, 奇幻"
22266320,深海浩劫,7.0,2016.0,"剧情, 冒险, 灾难"
6514105,夏日乐悠悠,6.2,2011.0,"喜剧, 爱情"
1419416,喜马拉亚星,5.7,2005.0,"剧情, 喜剧"
1305713,嫁个有钱人,5.9,2002.0,"剧情, 喜剧, 爱情, 奇幻"
1304091,东方三侠,7.5,1993.0,"动作, 奇幻, 武侠"
1300082,古今大战秦俑情,7.1,1990.0,"爱情, 奇幻, 冒险, 古装"
1298346,芭啦芭啦樱之花,6.2,2001.0,"剧情, 喜剧, 爱情, 歌舞"
1308855,大事件,7.0,2004.0,"剧情, 动作, 犯罪"
4707596,财神客栈,5.4,2011.0,"喜剧, 动作, 悬疑, 古装"
6068516,东成西就2011,4.0,2011.0,"喜剧, 动作, 爱情, 音乐, 奇幻"
1304826,夜半歌声,7.9,1995.0,"剧情, 爱情, 惊悚, 音乐"
6869395,低俗喜剧,6.4,2012.0,喜剧
1304282,百年好合,6.2,2003.0,"喜剧, 动作, 爱情"
1308232,新扎师妹2,6.5,2003.0,喜剧
1962508,双子神偷,5.8,2007.0,"喜剧, 动作"
3082452,狼牙,6.5,2008.0,"动作, 惊悚"
1294991,精武门,8.5,1972.0,"剧情, 动作, 爱情, 惊悚"
1293142,新上海滩,7.7,1996.0,"动作, 惊悚, 犯罪"
1366853,旺角黑夜,7.4,2004.0,"剧情, 动作, 爱情, 犯罪"
36909418,凶降喜讯,7.6,2025.0,"喜剧, 惊悚, 犯罪"
36833084,玫瑰,7.4,2025.0,"剧情, 喜剧"
36857150,她行走于黑暗中,6.3,2025.0,"剧情, 惊悚, 历史"
34954069,世外,7.5,2025.0,动画
35064920,拯救地球,7.4,2025.0,"喜剧, 科幻"
35183324,花漾少女杀人事件,7.4,2025.0,"剧情, 悬疑"
36889911,炸药屋,6.4,2025.0,"剧情, 惊悚"
36402017,毕正明的证明,7.2,2025.0,"剧情, 犯罪"
36289419,聊斋：兰若寺,6.7,2025.0,"剧情, 喜剧, 动画, 奇幻"
36779171,偷天盗日,6.1,2025.0,"惊悚, 犯罪"
35270404,死亡竞走,5.4,2025.0,"惊悚, 恐怖"
36742572,巴黎夏日,8.0,2025.0,"剧情, 喜剧"
36131988,招魂4：终章,6.2,2025.0,"悬疑, 惊悚, 恐怖"
36171173,杀人者报告,7.0,2025.0,犯罪
36642287,火烧天堂镇,7.2,2025.0,"剧情, 惊悚"
36245712,三级警戒,7.5,2025.0,"喜剧, 动作"
35881440,唐顿庄园3,8.6,2025.0,剧情
35295232,绮梦之旅,5.7,2025.0,"剧情, 爱情, 奇幻, 冒险"
37226705,好狗狗,6.0,2025.0,"惊悚, 恐怖"
35515145,全知读者视角,6.3,2025.0,"剧情, 动作, 奇幻, 冒险"
36208089,7天,5.9,2025.0,"剧情, 爱情"
35409362,接近终点,7.4,2025.0,剧情
37247238,普通事故,7.6,2025.0,"动作, 惊悚, 犯罪, 冒险"
36894887,10号舱里的女人,5.6,2025.0,"剧情, 悬疑, 惊悚"
37037753,在长椅上 剧场版,7.8,2024.0,剧情
36471252,丑陋的继姐,7.4,2025.0,"剧情, 恐怖"
35700148,冬日之死,6.4,2025.0,"动作, 惊悚"
36221247,凶器,6.9,2025.0,"剧情, 悬疑, 惊悚, 恐怖"
36621696,黑色电话2,6.7,2025.0,恐怖
34825559,神奇4侠：初露锋芒,5.8,2025.0,"动作, 科幻, 冒险"
36772728,同甘共苦,6.8,2025.0,"爱情, 恐怖"
36872972,恩佐,7.2,2025.0,"剧情, 同性"
36779384,无双,7.3,2025.0,"喜剧, 同性"
37089972,致命录像带：万圣节,6.2,2025.0,恐怖
36799751,从前的光景,7.8,2025.0,"剧情, 喜剧, 爱情"
36453674,物质主义者,6.0,2026.0,"喜剧, 爱情"
36764327,即兴卧底,7.3,2025.0,"喜剧, 动作, 犯罪"
36829507,坏蛋联盟2,7.6,2025.0,"喜剧, 动作, 动画, 悬疑, 犯罪, 冒险"
36176467,小人物2,6.2,2025.0,"喜剧, 动作, 惊悚, 犯罪"
36743767,侏罗纪世界：重生,5.8,2025.0,"动作, 科幻, 惊悚, 冒险"
36367175,好运连连,6.6,2025.0,"喜剧, 动作"
36347260,盗亦有道,6.4,2025.0,"剧情, 犯罪"
36978167,脸庞,6.3,2025.0,"悬疑, 惊悚"
36767890,周四推理俱乐部,6.8,2025.0,"喜剧, 悬疑, 惊悚, 犯罪"
36828567,点爱成金,7.5,2025.0,"剧情, 传记"
36876356,复活她,6.6,2025.0,恐怖
30433456,碟中谍8：最终清算,7.7,2025.0,"动作, 惊悚, 冒险"
36936356,我的僵尸女儿,6.6,2025.0,"喜剧, 科幻, 惊悚"
36657639,雷诺阿,6.6,2025.0,剧情
36314825,单恋世界,6.6,2025.0,"剧情, 爱情"
37284351,局外人,7.3,2025.0,"剧情, 犯罪"
36481186,如果有腿，我会踢你,7.6,2025.0,"剧情, 喜剧"
36809947,恶意,6.0,2025.0,"剧情, 悬疑"
37037600,主谋,6.6,2025.0,犯罪
35268569,爱丁顿,6.5,2025.0,"剧情, 喜剧, 西部"
37284414,攻击鬼魂13号,5.8,2025.0,恐怖
36766190,国宝,7.9,2025.0,剧情
37309928,铁血战士：杀戮之王,7.8,2025.0,"动作, 科幻, 动画, 惊悚, 冒险"
34807062,疾速追杀：芭蕾杀姬,6.9,2025.0,"动作, 惊悚"
37045926,睡觉的笨蛋,7.6,2025.0,剧情
25792787,白头神探：智斗灭世狂人,5.8,2025.0,"喜剧, 动作, 犯罪"
37155318,无名之辈：否极泰来,5.6,2025.0,"喜剧, 犯罪"
35641244,时光留声,5.8,2025.0,"剧情, 爱情, 同性, 历史"
36493869,天空的另一面,7.8,2025.0,"剧情, 科幻, 奇幻, 冒险"
35295339,峡谷,7.3,2025.0,"动作, 爱情, 科幻, 恐怖, 冒险"
36413501,情感价值,7.5,2025.0,"剧情, 喜剧"
36767956,你行！你上！,6.7,2025.0,"剧情, 喜剧"
36217796,梅根2.0,6.6,2025.0,"动作, 科幻, 惊悚, 恐怖"
36913754,蓝月亮,6.9,2025.0,"剧情, 音乐, 传记"
34429795,编号17,6.6,2025.0,"剧情, 科幻, 冒险"
36883048,危险动物,6.2,2025.0,"惊悚, 恐怖"
36219474,死钻倒影,7.0,2025.0,"动作, 悬疑, 惊悚, 犯罪"
3401672,蠢特夫妇,6.1,2025.0,"喜剧, 动画, 奇幻, 冒险"
36803039,便衣警察,7.9,2025.0,"剧情, 爱情, 惊悚, 同性"
3148694,魔法坏女巫,6.9,2024.0,"爱情, 歌舞, 奇幻"
36512371,大风杀,6.7,2025.0,"剧情, 悬疑, 犯罪"
36896644,独一无二,7.0,2025.0,剧情
27115004,帕丁顿熊3：秘鲁大冒险,6.7,2025.0,"喜剧, 动画, 悬疑, 奇幻, 冒险"
36809707,对不起，宝贝,7.4,2025.0,剧情
36522427,奇遇,7.1,2025.0,喜剧
35215516,终极对弈,7.3,2025.0,"剧情, 传记, 运动"
36809928,哆啦A梦：大雄的绘画奇遇记,8.3,2025.0,"喜剧, 动画, 奇幻, 冒险"
36750473,一兆游戏 电影版,6.4,2025.0,剧情
36770062,史蒂夫,6.4,2025.0,"剧情, 喜剧"
30429388,死神来了：血脉诅咒,6.9,2025.0,"惊悚, 恐怖"
36170178,国家元首,6.6,2025.0,"喜剧, 动作, 惊悚"
37455277,死神之夜,5.7,2025.0,"剧情, 惊悚, 恐怖"
36437002,野党,6.6,2025.0,"剧情, 犯罪"
36770063,天国与地狱,6.0,2025.0,"剧情, 悬疑, 惊悚, 犯罪"
30345743,星际宝贝史迪奇,7.1,2025.0,"喜剧, 动作, 科幻, 奇幻, 冒险"
27077476,会计刺客2,6.0,2025.0,"剧情, 动作, 悬疑, 惊悚, 犯罪"
36421270,完美伴侣,6.8,2025.0,"科幻, 惊悚"
37134889,人偶之家,7.9,2025.0,恐怖
37015063,分居,6.2,2025.0,喜剧
36776989,战·争,7.0,2025.0,"剧情, 动作, 战争"
36554140,破果,5.9,2025.0,"动作, 惊悚, 犯罪"
35351910,超异能特攻,6.2,2025.0,"喜剧, 动作, 奇幻, 冒险"
35927475,雷霆特攻队*,6.6,2025.0,"剧情, 动作, 科幻, 犯罪, 奇幻, 冒险"
36737061,直到黎明,6.1,2025.0,"剧情, 恐怖"
36990306,怪化猫：火鼠,7.9,2025.0,"动画, 悬疑, 恐怖"
37014543,进击的巨人 总集篇 最后的进击,9.3,2024.0,"动作, 动画, 奇幻"
36961962,大自然对你说了什么,7.5,2025.0,剧情
36787730,万物生灵：2024圣诞特别集,9.5,2024.0,剧情
36416366,试吃者,6.2,2025.0,剧情
37077139,夏日沙上,5.7,2025.0,剧情
37227650,旅途中的日子,7.5,2025.0,剧情
36988926,人生开门红,6.1,2025.0,"剧情, 喜剧"
36478198,久别·重逢,6.4,2025.0,"剧情, 爱情, 奇幻"
34940704,摇滚诗人：未知的传奇,6.5,2025.0,"剧情, 音乐, 传记"
37018194,咒术回战 怀玉·玉折 总集篇,8.2,2025.0,"剧情, 动画, 奇幻"
36948664,卷卷初恋,7.0,2025.0,"剧情, 喜剧, 爱情"
36697078,密探,7.8,2025.0,"剧情, 惊悚"
35346268,彩虹,7.7,2025.0,"科幻, 动画"
35681325,隐藏的面孔,6.3,2024.0,"剧情, 悬疑"
36913048,远山淡影,7.0,2025.0,"剧情, 悬疑"
36469477,时间之子,6.3,2025.0,"爱情, 动画, 奇幻, 冒险"
36838213,地下忍者,5.5,2025.0,"剧情, 喜剧, 动作"
35411283,阳光照耀青春里,6.5,2025.0,剧情
36962085,阴阳眼见子,6.4,2025.0,"喜剧, 恐怖, 奇幻"
35744936,甜蜜养老院,5.9,2025.0,"惊悚, 恐怖"
36620952,火锅艺术家,6.3,2025.0,喜剧
36779927,年轻母亲之家,6.8,2026.0,剧情
36248012,工作细胞,7.3,2025.0,"剧情, 喜剧, 奇幻"
36486147,总统的蛋糕,8.1,2025.0,冒险
27606065,电幻国度,6.1,2025.0,"剧情, 喜剧, 动作, 科幻, 冒险"
35604019,恶魔搬进来了,6.2,2025.0,"喜剧, 爱情"
11600089,功夫梦：融合之道,5.2,2025.0,"剧情, 动作, 运动"
35929258,猎金·游戏,5.3,2025.0,"剧情, 犯罪"
36395045,瓦利斯岛的歌谣,7.1,2025.0,"剧情, 喜剧, 音乐"
36942731,普通的孩子,8.1,2025.0,"剧情, 儿童"
37006600,花便当,6.9,2025.0,剧情
36851291,名侦探柯南：独眼的残像,6.8,2025.0,"剧情, 动画, 悬疑, 犯罪"
36840069,墙外之音,6.2,2025.0,"剧情, 惊悚"
37170426,二〇二五年的欧陆,6.8,2025.0,"剧情, 喜剧"
36251574,谍网追凶,5.9,2025.0,"动作, 惊悚"
35212342,狮子王：木法沙传奇,6.6,2024.0,"剧情, 动画, 歌舞, 奇幻, 冒险"
36788576,不认识的女友,6.4,2025.0,"爱情, 奇幻"
36114500,未葬之罪,6.3,2025.0,"剧情, 悬疑, 惊悚"
26149750,我的世界大电影,5.6,2025.0,"喜剧, 动作, 家庭, 奇幻, 冒险"
36841068,德古拉,5.6,2025.0,"爱情, 恐怖, 奇幻"
37191804,岸边露伴一动不动 忏悔室,6.3,2025.0,"剧情, 恐怖, 奇幻"
36954004,向阳·花,6.2,2025.0,"剧情, 犯罪"
36739635,黑袋行动,6.0,2025.0,"剧情, 爱情, 悬疑, 惊悚"
35367384,毒劫,5.7,2025.0,"剧情, 动作, 悬疑, 惊悚, 犯罪"
36768946,海洋奇缘2,6.6,2024.0,"喜剧, 动画, 歌舞, 奇幻, 冒险"
37096553,团圆必胜,5.7,2026.0,喜剧
36970301,熊出没·重启未来,7.1,2025.0,"剧情, 喜剧, 科幻, 动画"
36848001,BJ单身日记4,6.4,2025.0,"剧情, 喜剧, 爱情"
35861916,六个说谎的大学生,5.5,2024.0,"剧情, 悬疑"
36427189,禁忌童话,6.2,2025.0,喜剧
26596871,诺斯费拉图,5.9,2024.0,"悬疑, 恐怖, 奇幻"
35516034,红色一号：冬日行动,5.8,2024.0,"喜剧, 动作, 悬疑, 冒险"
35907663,不说话的爱,6.9,2025.0,剧情
36919152,适合我的酒店,7.1,2024.0,剧情
36471230,唯有追忆,8.6,2025.0,剧情
36989716,重写,6.9,2025.0,"剧情, 喜剧"
36647543,神圣之路,6.4,2025.0,"剧情, 惊悚, 恐怖"
37192550,如月车站Re：,6.1,2025.0,恐怖
36869044,喜宴(新版),5.2,2025.0,"喜剧, 爱情, 同性"
37000932,斗罗大陆剧场版 剑道尘心,8.1,2025.0,动画
36995418,怪兽8号：侦察任务,7.2,2026.0,动画
36481311,亡命父女,6.1,2025.0,"剧情, 惊悚"
36801713,黑夜终至,5.9,2025.0,"剧情, 惊悚, 犯罪"
35705765,隔楼女孩：我们之间的层距,7.4,2025.0,"剧情, 爱情, 同性"
36803483,有病才会喜欢你,5.7,2025.0,"剧情, 喜剧, 爱情"
36787874,隔空投送,5.7,2025.0,"剧情, 悬疑, 惊悚"
36782374,轻于鸿毛,6.3,2025.0,剧情
33415953,制暴：无限杀机,5.5,2025.0,"动作, 惊悚"
37037980,小林家的龙丫头：怕寂寞的龙,7.4,2025.0,"剧情, 喜剧, 动画"
37070229,不允许带狗,7.4,2024.0,"剧情, 同性"
35929770,魔法蓝精灵,5.9,2025.0,"喜剧, 动画, 奇幻, 冒险"
36076120,一息尚存,6.4,2025.0,"剧情, 惊悚"
36618568,无痛凯恩,6.2,2025.0,"喜剧, 动作, 惊悚"
36412909,玉米地小丑,5.6,2025.0,恐怖
36838707,“骗骗”喜欢你,6.4,2024.0,"喜剧, 爱情"
35493148,指环王：洛汗之战,6.1,2024.0,"剧情, 动作, 动画, 奇幻, 冒险"
36877209,镜的第三乐章,7.5,2025.0,剧情
36404113,河边有个好地方,7.2,2025.0,"剧情, 儿童"
30290253,怒水西流,4.9,2025.0,"悬疑, 犯罪"
37143373,机动战士高达：跨时之战,6.6,2025.0,"科幻, 动画, 冒险"
30368790,角斗士2,6.3,2024.0,"剧情, 动作, 冒险"
37212933,极寒潜袭,5.9,2025.0,"动作, 科幻, 悬疑"
37283593,值班警官,7.0,2025.0,"动作, 惊悚, 犯罪"
37070561,痴人之爱,5.8,2024.0,剧情
35771832,刺猬索尼克3,6.2,2025.0,"喜剧, 动作, 科幻, 动画"
36638072,有朵云像你,6.4,2025.0,"剧情, 爱情, 奇幻"
36999840,仙逆剧场版 神临之战,7.1,2025.0,"动作, 动画, 奇幻, 古装"
37161026,蜡笔小新：灼热的春日部舞者们,7.3,2025.0,"喜剧, 动画, 音乐, 家庭"
37347724,当哒当：邪视,6.7,2025.0,"喜剧, 动作, 动画, 奇幻"
36827697,砖墙谜攻,5.4,2025.0,"剧情, 科幻, 悬疑, 惊悚"
36912440,忍者蝙蝠侠大战极道联盟,7.5,2025.0,"动作, 动画, 冒险"
36802241,新干线惊爆倒数,6.7,2025.0,"剧情, 动作, 惊悚, 犯罪"
36171159,杀婴者,6.3,2025.0,动作
35424896,孤星计划,5.9,2024.0,"剧情, 悬疑"
36801987,嘻嘻嘻嘻吸血鬼,6.5,2025.0,"剧情, 喜剧, 爱情"
37337369,喜羊羊与灰太狼之异国破晓,6.8,2025.0,"喜剧, 动画"
35172702,小倩,6.9,2024.0,"爱情, 动画, 奇幻"
36478801,母爱食堂,7.1,2025.0,喜剧
36901791,愤怒小队 公务员与7个欺诈师,7.0,2024.0,"剧情, 犯罪"
27007465,不能说的秘密,6.5,2025.0,"爱情, 音乐"
36198699,大突围,5.6,2024.0,"动作, 战争"
35768977,热牛奶,5.4,2025.0,剧情
36354086,胜券在握,6.0,2024.0,剧情
36877556,阿尔法,6.2,2025.0,剧情
37096787,真爱营业,5.0,2025.0,"喜剧, 爱情"
36171174,烧酒战争,6.1,2025.0,"剧情, 传记"
36779799,室町无赖,6.4,2025.0,"动作, 古装"
36341345,独角兽之死,5.1,2025.0,"喜剧, 恐怖"
36948340,通往你的地图,6.1,2025.0,"剧情, 爱情"
37144851,137号案件,7.7,2025.0,"剧情, 犯罪"
35295960,蛟龙行动,6.3,2025.0,"剧情, 动作, 战争"
36065333,黑道中人,6.6,2025.0,"剧情, 传记, 历史, 犯罪"
35900116,再帮个小忙,5.6,2025.0,"喜剧, 悬疑, 惊悚, 犯罪"
36916001,腥心眼,5.6,2025.0,"喜剧, 悬疑, 恐怖"
36166566,我会好好的,5.9,2025.0,剧情
36303600,回声谷,6.3,2025.0,"剧情, 惊悚"
36024571,随身危机,6.5,2024.0,"剧情, 动作, 悬疑, 惊悚"
37376283,冰雪奇缘 音乐剧,8.1,2025.0,"喜剧, 歌舞, 家庭, 奇幻, 冒险"
37090014,黑煞女,6.0,2025.0,"剧情, 惊悚, 恐怖"
37143090,扯淡生命史,7.7,2024.0,喜剧
36174652,核,7.0,2025.0,剧情
36907763,糟糕的夏天,6.3,2025.0,"剧情, 悬疑, 犯罪"
36708872,生命清单,6.7,2025.0,"剧情, 喜剧, 爱情"
36433440,从那不勒斯到纽约,7.4,2024.0,剧情
37113889,我的错误：伦敦版,6.2,2025.0,爱情
36913121,地球上的星星2,6.4,2025.0,"剧情, 喜剧, 运动"
36754453,神探狗狗,7.1,2025.0,"喜剧, 动作, 科幻, 动画, 家庭, 犯罪, 奇幻, 冒险"
35882074,冲·撞,6.2,2025.0,"喜剧, 动作"
36942640,一去不回,5.5,2025.0,"剧情, 爱情"
35466485,万王之王,6.4,2025.0,"剧情, 动画, 西部, 奇幻"
36678301,望向太阳,6.6,2025.0,剧情
36916003,海绵宝宝：皮老板大电影,5.8,2025.0,"喜剧, 动画, 歌舞, 家庭, 奇幻, 冒险"
36978067,苍茫的天涯是我的爱,4.9,2025.0,"剧情, 喜剧"
37317387,新的景色,6.5,2025.0,剧情
37019474,噢，嗨！,5.9,2025.0,喜剧
36166587,大家庭,6.7,2024.0,"剧情, 喜剧, 家庭"
35295333,飞速追杀,6.1,2025.0,"喜剧, 动作"
36208097,无名指,5.7,2025.0,剧情
36741663,关只熊什么事,6.5,2025.0,"喜剧, 惊悚, 犯罪"
30147789,绝密战境,5.7,2025.0,"动作, 惊悚, 犯罪"
36978619,乌龙巴黎梦,5.8,2025.0,"剧情, 喜剧, 爱情"
36519329,再见星上人,6.6,2025.0,"剧情, 喜剧, 爱情, 科幻, 动画"
36826096,高尔夫球也疯狂2,6.3,2025.0,"喜剧, 运动"
36140062,假爸爸,5.4,2025.0,"剧情, 喜剧"
36894397,黄沙漫天,6.0,2025.0,"喜剧, 战争"
37046047,我独自升级：二次觉醒,7.8,2024.0,"剧情, 动作, 动画, 奇幻, 冒险"
36707368,罪证子弹3,6.6,2025.0,"剧情, 动作, 惊悚, 犯罪"
37130756,放大镜,6.6,2024.0,惊悚
37107586,如何正常和另一个世界的怪异,6.7,2025.0,剧情
36923508,命悬一枪,6.4,2025.0,"动作, 犯罪"
36915259,绝境末路,6.8,2025.0,"剧情, 惊悚"
36936222,本心,5.5,2024.0,"剧情, 科幻"
36961977,真实身份,6.4,2024.0,"惊悚, 犯罪"
35954430,重返行动,5.8,2025.0,"喜剧, 动作"
34969171,消防员,5.9,2024.0,"剧情, 灾难"
37216424,祖屋,6.2,2025.0,"喜剧, 恐怖"
37165395,在我父母家,7.2,2025.0,剧情
36999844,吞噬星空剧场版 血洛大陆,7.6,2024.0,"动作, 科幻, 动画, 冒险"
36544510,陈翔六点半之疯狂代号,6.8,2025.0,"喜剧, 动作"
36686922,史上最棒的圣诞庆典,6.2,2024.0,"剧情, 喜剧, 爱情, 悬疑, 奇幻, 冒险"
36915276,404宿灵速速逃,5.8,2024.0,"喜剧, 恐怖"
36817189,放飞,5.5,2025.0,"惊悚, 恐怖, 奇幻"
36642334,致命著作,5.3,2025.0,"剧情, 惊悚"
37315503,无法抑制之情是否唤作爱,6.6,2025.0,"动画, 同性"
36660929,来自谁的启示,5.5,2025.0,"剧情, 悬疑, 惊悚, 犯罪"
36237132,紧锁,5.5,2025.0,"惊悚, 恐怖"
36822783,窗前明月，咣！,4.7,2024.0,喜剧
36461484,心魔,5.6,2025.0,恐怖
36809851,多想和你再见一面,5.8,2024.0,"剧情, 爱情"
37298398,海底小纵队：海啸大危机,6.6,2025.0,"喜剧, 科幻, 动画, 冒险"
36572160,6888女子营,6.6,2024.0,"剧情, 历史, 战争"
36410826,破坏神,5.6,2025.0,动作
36847625,老狗,5.5,2025.0,"剧情, 喜剧, 动作"
36640181,猎魔人：深渊海妖,6.0,2025.0,"剧情, 动作, 动画, 悬疑, 奇幻, 冒险"
37199270,头山,5.6,2025.0,剧情
35393280,雄狗狗大冒险,6.5,2025.0,"喜剧, 动画"
35018502,魔咒奇缘,6.2,2024.0,"喜剧, 动画, 歌舞, 家庭, 奇幻, 冒险"
37144845,正义过客,6.2,2025.0,"剧情, 动作, 犯罪"
36404195,漫画威龙2,5.5,2025.0,"喜剧, 动作"
37133851,亚刻奥特曼大电影：超次元大决战！光与暗的亚刻,6.2,2025.0,"动作, 科幻"
37038011,惊天大营救,5.3,2024.0,"动作, 犯罪"
37293922,疯狂的佛牌,5.5,2025.0,"剧情, 动作, 惊悚"
1291583,天空之城,9.2,1992.0,"动画, 奇幻, 冒险"
1652592,阿丽塔：战斗天使,7.5,2019.0,"动作, 科幻, 冒险"
34874432,花束般的恋爱,8.6,2022.0,"剧情, 爱情"
30402296,天气之子,7.0,2019.0,"爱情, 动画, 奇幻"
26835471,大侦探皮卡丘,6.4,2019.0,"喜剧, 动画, 奇幻, 冒险"
35371261,铃芽之旅,7.2,2023.0,"爱情, 动画, 奇幻"
26925611,你想活出怎样的人生,7.5,2024.0,"动画, 奇幻, 冒险"
27163278,速度与激情：特别行动,6.3,2019.0,"喜剧, 动作, 冒险"
25769362,哆啦A梦：伴我同行,8.1,2015.0,"剧情, 动画"
24815950,万物理论,8.4,2014.0,"剧情, 爱情, 传记"
1652618,速度与激情3：东京漂移,7.0,2006.0,"动作, 犯罪"
2357703,名侦探柯南：通向天国的倒计时,8.7,2001.0,"动作, 动画, 悬疑, 惊悚"
26694988,比海更深,8.7,2016.0,"剧情, 家庭"
2369845,嫌疑人X的献身,8.4,2008.0,"剧情, 悬疑, 犯罪"
3001077,谍影重重4,6.8,2012.0,"动作, 悬疑, 惊悚"
1292444,大逃杀,7.9,2000.0,"剧情, 惊悚"
1292371,四月物语,8.3,1998.0,爱情
2279152,名侦探柯南：世纪末的魔术师,8.7,1999.0,"动画, 悬疑, 犯罪, 冒险"
25761178,百元之恋,8.2,2014.0,"剧情, 运动"
26874505,人生果实,8.5,2017.0,纪录片
26611076,溺水小刀,7.5,2016.0,"剧情, 爱情"
20451290,新木乃伊,4.8,2017.0,"动作, 奇幻, 冒险"
2357701,名侦探柯南：瞳孔中的暗杀者,8.5,2000.0,"剧情, 动画, 悬疑, 犯罪, 冒险"
1292219,关于莉莉周的一切,7.9,2001.0,剧情
27107140,我想吃掉你的胰脏,6.9,2019.0,"爱情, 动画"
1293173,古墓丽影,7.1,2001.0,"动作, 冒险"
30234315,摄影机不要停！,8.2,2017.0,"喜剧, 恐怖"
2357711,名侦探柯南：银翼的魔术师,8.1,2004.0,"动画, 悬疑"
1978369,我的机器人女友,7.6,2009.0,"喜剧, 动作, 爱情, 科幻"
34865507,小人物,7.8,2021.0,"动作, 犯罪"
24741412,哪啊哪啊神去村,8.5,2014.0,"剧情, 喜剧"
1316572,导盲犬小Q,8.5,2004.0,剧情
1291568,东京物语,9.1,1953.0,"剧情, 家庭"
2357717,名侦探柯南：绀碧之棺,6.9,2007.0,"剧情, 动画, 悬疑"
1291588,岁月的童话,8.6,1991.0,"剧情, 爱情, 动画"
33454993,名侦探柯南：绯色的子弹,5.5,2021.0,"动作, 动画, 悬疑, 冒险"
26816086,银魂,6.9,2017.0,"喜剧, 动作, 奇幻, 冒险"
26788667,名侦探柯南：唐红的恋歌,7.0,2017.0,"动画, 悬疑"
34913671,哆啦A梦：伴我同行2,7.1,2021.0,"剧情, 动画"
30182726,狩猎,7.4,2020.0,"动作, 惊悚"
6880497,盗钥匙的方法,8.5,2012.0,"剧情, 喜剧"
6984051,名侦探柯南：第十一名前锋,6.6,2012.0,"动作, 动画"
1302642,花火,8.6,1997.0,"剧情, 爱情, 惊悚, 犯罪"
7064681,狼的孩子雨和雪,8.6,2012.0,"剧情, 动画, 家庭, 奇幻"
2065021,热血高校,8.0,2007.0,"动作, 惊悚"
26935251,春宵苦短，少女前进吧！,8.7,2017.0,"喜剧, 爱情, 动画, 奇幻"
1421823,娜娜,7.8,2005.0,"剧情, 音乐"
1307696,午夜凶铃,7.6,1998.0,"悬疑, 恐怖"
30329892,航海王：狂热行动,7.5,2019.0,"动画, 冒险"
1303535,战场上的快乐圣诞,8.8,1983.0,"剧情, 同性, 战争"
3168086,挪威的森林,6.0,2011.0,"剧情, 爱情"
5262338,虞美人盛开的山坡,8.1,2011.0,"剧情, 动画"
1299365,菊豆,8.2,1992.0,剧情
3560787,回忆积木小屋,9.3,2008.0,"剧情, 动画, 短片"
27199894,超级马力欧兄弟大电影,7.8,2023.0,"喜剧, 爱情, 科幻, 动画, 奇幻, 冒险"
2997134,创：战纪,6.8,2011.0,"动作, 科幻, 冒险"
26815162,生存家族,8.0,2018.0,"喜剧, 家庭"
25958787,深夜食堂电影版,7.9,2014.0,剧情
26930504,烟花,5.5,2017.0,"剧情, 动画"
25796222,玉子爱情故事,8.6,2014.0,"喜剧, 爱情, 动画"
1295292,哥斯拉,7.2,1998.0,"动作, 科幻, 冒险, 灾难"
1309088,活死人黎明,7.5,2004.0,"动作, 科幻, 恐怖"
26877106,昼颜,6.4,2018.0,"剧情, 爱情"
4196129,天使之恋,7.4,2009.0,"剧情, 爱情"
35235502,驾驶我的车,7.9,2021.0,剧情
1915403,只是爱着你,7.9,2006.0,"剧情, 爱情"
25782633,名侦探柯南：异次元的狙击手,6.9,2014.0,"动画, 悬疑, 犯罪"
27083561,朝花夕誓,6.9,2019.0,"动画, 奇幻"
26362351,濑户内海,8.3,2016.0,"剧情, 喜剧"
35873969,名侦探柯南：黑铁的鱼影,6.5,2023.0,"动作, 动画, 悬疑, 惊悚, 犯罪, 冒险"
20274039,名侦探柯南：远海的侦探,6.5,2013.0,"动画, 悬疑, 犯罪, 冒险"
34845781,鬼灭之刃 剧场版 无限列车篇,7.9,2020.0,动画
30482645,数码宝贝：最后的进化,7.3,2020.0,"动画, 冒险"
1299062,坏孩子的天空,8.6,1996.0,"剧情, 犯罪, 运动"
5960606,再见我们的幼儿园,8.8,2011.0,"剧情, 儿童"
26598021,航海王之黄金城,7.6,2016.0,"剧情, 动作, 动画, 冒险"
1295815,那年夏天，宁静的海,8.6,1991.0,"剧情, 喜剧, 爱情"
30249161,哆啦A梦：大雄的月球探险记,7.2,2019.0,"剧情, 动画"
3074408,热血高校2,8.2,2009.0,动作
1303907,百变狸猫,8.6,1994.0,"剧情, 喜剧, 动画, 奇幻"
2567646,福音战士新剧场版：破,9.3,2009.0,"剧情, 科幻, 动画"
1308892,新世纪福音战士剧场版：Air/真心为你,9.4,1997.0,"剧情, 科幻, 动画"
1476023,绝代艳后,6.9,2006.0,"剧情, 传记, 历史"
1968790,福音战士新剧场版：序,9.1,2007.0,"剧情, 科幻, 动画"
1294693,荆轲刺秦王,8.2,1998.0,"剧情, 历史, 古装"
1303145,薄荷糖,8.6,1999.0,剧情
1418640,听到涛声,8.2,1993.0,"剧情, 爱情, 动画"
4935011,白兔糖,8.0,2011.0,"剧情, 喜剧"
6558801,浪客剑心,8.1,2012.0,"剧情, 动作, 古装"
36363001,名侦探柯南：百万美元的五棱星,6.6,2024.0,"动画, 悬疑, 犯罪"
1301948,梦旅人,8.3,1996.0,"剧情, 奇幻"
1381964,云的彼端，约定的地方,7.7,2004.0,"剧情, 科幻, 动画"
36190889,间谍过家家 代号：白,7.3,2024.0,"喜剧, 动画"
1302770,阿基拉,8.5,1988.0,"动作, 科幻, 动画"
21332518,胜者即是正义SP,9.1,2013.0,"剧情, 喜剧"
4221462,掠食城市,6.3,2019.0,"动作, 科幻, 冒险"
2982823,河童之夏,8.7,2007.0,"喜剧, 动画, 奇幻"
1303451,海上花,8.2,1998.0,剧情
27160618,阳光姐妹淘,8.3,2018.0,"剧情, 喜剧, 歌舞"
26282448,火影忍者剧场版：博人传,8.2,2016.0,"动作, 动画, 冒险"
4099231,辉夜姬物语,8.5,2013.0,"动画, 奇幻, 古装"
27069070,哆啦A梦：大雄的金银岛,6.4,2018.0,"动画, 奇幻, 冒险"
26972275,恋爱回旋,7.0,2018.0,"喜剧, 运动"
1850963,花魁,8.1,2007.0,"剧情, 历史"
3399559,南极料理人,8.3,2009.0,"剧情, 喜剧"
10439358,狼狈,7.2,2012.0,"剧情, 惊悚, 犯罪"
2567647,福音战士新剧场版：Q,8.4,2012.0,"剧情, 科幻, 动画"
26707472,明日的我与昨日的你约会,7.7,2016.0,"剧情, 爱情, 奇幻"
11584024,我们仍未知道那天所看见的花的名字 剧场版,8.6,2013.0,动画
30401194,你好世界,6.8,2021.0,"爱情, 动画, 奇幻"
1299383,最后的武士,7.9,2003.0,"剧情, 动作, 战争, 冒险"
1478064,人类之子,7.6,2006.0,"剧情, 动作, 科幻, 惊悚"
3623024,我的初恋情人,7.3,2009.0,"剧情, 爱情"
10428501,天鹰战士：最后的冲击,9.2,2025.0,"剧情, 科幻, 动画"
35360296,偶然与想象,8.3,2021.0,"剧情, 爱情"
27126336,假面饭店,6.3,2020.0,"剧情, 悬疑, 犯罪"
26766760,与君相恋100次,6.2,2017.0,爱情
6010171,给桃子的信,8.3,2011.0,"剧情, 动画"
4822829,白夜行,6.9,2011.0,"剧情, 悬疑"
1303067,影武者,9.1,1980.0,"剧情, 历史, 战争"
35675082,航海王：红发歌姬,6.8,2022.0,"动作, 动画, 奇幻, 冒险"
30345226,若能与你共乘海浪之上,7.0,2019.0,"爱情, 动画, 奇幻"
26279289,怒,7.7,2016.0,"剧情, 爱情, 悬疑, 同性"
26984189,坂本龙一：终曲,8.6,2019.0,"纪录片, 音乐"
1388175,下妻物语,8.2,2004.0,喜剧
3660428,金色梦乡,8.3,2010.0,"剧情, 悬疑"
1958667,蜡笔小新：大人王国的反击,9.0,2025.0,"喜剧, 动画"
4832288,奇迹,8.8,2011.0,"剧情, 家庭"
27053945,我们,6.4,2019.0,"悬疑, 惊悚, 恐怖"
5968334,丈夫得了抑郁症,8.2,2011.0,"剧情, 爱情, 家庭"
25899379,请叫我英雄,7.2,2015.0,"动作, 恐怖"
35414623,咒术回战 0,8.3,2021.0,
1763132,时间,7.5,2006.0,"剧情, 爱情"
4246125,追逐繁星的孩子,7.4,2011.0,"动画, 奇幻, 冒险"
1291566,攻壳机动队2：无罪,9.1,2004.0,"剧情, 科幻, 动画"
33424345,紫罗兰永恒花园外传：永远与自动手记人偶,7.4,2020.0,"剧情, 动画"
27607378,龙珠超：布罗利,7.2,2019.0,"动作, 动画, 奇幻, 冒险"
30158971,企鹅公路,7.6,2019.0,"动画, 奇幻, 冒险"
27080656,普罗米亚,7.7,2021.0,"剧情, 动作, 科幻, 动画"
27185563,日日是好日,8.2,2018.0,剧情
26798437,深夜食堂2,8.0,2017.0,剧情
35240235,不,6.9,2022.0,"科幻, 悬疑, 惊悚, 恐怖"
2369549,公众之敌,7.4,2009.0,"剧情, 传记, 历史, 犯罪"
1422952,千里走单骑,7.4,2005.0,剧情
26527993,哆啦A梦：新·大雄的日本诞生,7.4,2016.0,动画
1455442,新世纪福音战士剧场版：死与新生,9.2,1997.0,"剧情, 科幻, 动画"
11500954,编舟记,8.6,2013.0,剧情
1299112,梦,8.7,1990.0,"剧情, 奇幻"
1892578,海鸥食堂,8.3,2006.0,"剧情, 喜剧"
2976111,狗狗与我的十个约定,8.1,2009.0,"剧情, 喜剧, 爱情"
1422063,最终幻想7：圣子降临,8.3,2005.0,"动作, 科幻, 动画, 惊悚"
1848925,恶童,8.5,2006.0,"动作, 动画, 犯罪, 冒险"
4830236,冰冷热带鱼,7.7,2010.0,"剧情, 惊悚, 犯罪"
1307897,回忆三部曲,8.9,1995.0,"科幻, 动画, 惊悚, 奇幻"
26020814,胜者即是正义 2014SP,8.7,2014.0,"剧情, 悬疑"
1295284,星月童话,8.2,2025.0,"剧情, 爱情, 惊悚"
5294324,隐婚男女,5.6,2011.0,"剧情, 爱情"
1917074,阿童木,6.9,2009.0,"动作, 科幻, 动画, 家庭"
3819939,极恶非道,8.0,2010.0,"动作, 犯罪"
24858414,白雪公主杀人事件,7.5,2014.0,"剧情, 悬疑"
26935777,玛丽与魔女之花,6.2,2018.0,"动画, 奇幻, 冒险"
24845115,浪客剑心：京都大火篇,8.1,2014.0,"动作, 古装"
1308554,咒怨2,7.6,2003.0,恐怖
1296703,楢山节考,9.0,1983.0,"剧情, 家庭"
27037053,夜以继日,7.7,2018.0,"剧情, 爱情"
1302455,宋家皇朝,7.8,1997.0,"剧情, 爱情, 历史"
25905124,澄沙之味,8.3,2015.0,剧情
3765826,蒙古草原，天气晴,9.7,2006.0,纪录片
20426995,向阳处的她,7.9,2013.0,爱情
26147706,花与爱丽丝杀人事件,8.2,2015.0,"喜剧, 动画"
1301498,地球之夜,8.2,1991.0,"剧情, 喜剧"
26634179,刀剑神域：序列之争,7.0,2017.0,"科幻, 动画, 冒险"
5996409,东京家族,8.8,2013.0,"剧情, 家庭"
1301359,五个扑水的少年,8.3,2001.0,"喜剧, 运动"
26280710,怪物之子,7.8,2015.0,"动作, 动画, 奇幻, 冒险"
1292515,用心棒,9.0,1961.0,"剧情, 动作, 惊悚"
5346468,生化危机：诅咒,7.7,2012.0,"动作, 科幻, 动画, 惊悚, 恐怖"
35772573,今夜，就算这份爱恋从世界上消失,7.8,2024.0,"剧情, 爱情"
26666177,杀戮都市：O,8.2,2016.0,"动作, 科幻, 动画"
30156898,肆式青春,5.6,2018.0,动画
1457707,猫汤,8.7,2001.0,"动画, 短片, 奇幻"
25905044,刺猬索尼克,6.0,2020.0,"喜剧, 动作, 动画, 冒险"
2361826,如月疑云,8.0,2007.0,"喜剧, 悬疑"
10467125,海贼王剧场版Z,8.7,2013.0,"动作, 动画, 冒险"
25853073,近距离恋爱,6.3,2014.0,爱情
4727460,好想告诉你,7.2,2010.0,"剧情, 爱情"
1302050,广岛之恋,7.9,1959.0,"剧情, 爱情, 战争"
30476406,行骗天下JP：运势篇,8.3,2019.0,"剧情, 喜剧"
3026559,登月第一人,7.7,2018.0,"剧情, 传记, 历史"
24845116,浪客剑心：传说的完结篇,8.2,2014.0,"剧情, 动作"
1394424,弓,7.6,2005.0,"剧情, 爱情, 情色"
26839466,哆啦A梦：大雄的南极冰冰凉大冒险,6.5,2017.0,"动画, 冒险"
1297715,火星人玩转地球,7.3,1996.0,"喜剧, 科幻"
30241102,行骗天下JP：浪漫篇,8.1,2019.0,"喜剧, 悬疑"
33400537,我是大哥大 电影版,7.9,2020.0,喜剧
34454004,哆啦A梦：大雄的新恐龙,7.1,2020.0,"动画, 奇幻, 冒险"
35418583,余生那些年,6.7,2023.0,"剧情, 爱情"
36060209,排球少年！！垃圾场决战,8.2,2024.0,"动画, 运动"
1796053,蜂蜜与四叶草,7.5,2006.0,爱情
1294433,秋刀鱼之味,8.6,1962.0,"剧情, 家庭"
26020796,家族之苦,8.1,2016.0,"喜剧, 家庭"
1417728,我的邻居山田君,8.8,1999.0,"喜剧, 动画, 家庭"
1300752,座头市,8.1,2003.0,"剧情, 喜剧, 动作, 音乐, 犯罪"
1304920,切腹,9.3,1962.0,"剧情, 动作, 悬疑"
26874517,哥哥太爱我了怎么办,6.4,2017.0,"剧情, 喜剧"
4934987,意外的幸运签,8.2,2010.0,"剧情, 动画, 奇幻"
4074009,花水木,7.2,2010.0,"剧情, 爱情"
26754513,人生密密缝,8.5,2017.0,"剧情, 同性, 家庭"
1293847,生之欲,9.3,1952.0,剧情
30482587,新·奥特曼,6.7,2022.0,科幻
1292347,黑客帝国动画版,8.8,2003.0,"剧情, 动作, 科幻, 动画"
1315570,在世界中心呼唤爱,7.6,2004.0,"剧情, 爱情"
27039378,今夜在浪漫剧场,7.1,2019.0,"爱情, 奇幻"
26279124,新哥斯拉,6.7,2016.0,"剧情, 科幻, 灾难"
24298212,鲁邦三世VS名侦探柯南 剧场版,7.8,2013.0,"动作, 动画, 悬疑, 犯罪"
1361254,摇摆少女,8.5,2004.0,"剧情, 喜剧, 音乐"
26877406,名侦探柯南：章节ONE 变小的名侦探,8.4,2016.0,"动画, 悬疑"
25937991,命运之夜——天之杯Ⅰ：恶兆之花,7.4,2019.0,"动画, 奇幻"
1463872,星之声,8.1,2002.0,"爱情, 科幻, 动画, 短片"
2157507,魔幻时刻,8.1,2008.0,喜剧
3915458,航海王：强者天下,8.5,2024.0,"动画, 奇幻"
2361266,爱的曝光,8.3,2008.0,"剧情, 喜剧, 动作, 爱情"
30437716,又见奈良,7.3,2021.0,剧情
30329902,青春猪头少年不会梦到怀梦美少女,8.8,2019.0,"剧情, 爱情, 动画"
2970087,生化危机：恶化,7.3,2008.0,"动作, 科幻, 动画, 惊悚"
26140405,爱的成人式,7.7,2015.0,"剧情, 爱情, 悬疑"
3053521,二十四城记,7.4,2009.0,剧情
1308567,失乐园,7.4,1997.0,"剧情, 爱情, 情色"
25777512,要听神明的话,6.6,2014.0,"惊悚, 恐怖"
33407124,浪客剑心 最终章 追忆篇,8.6,2021.0,"剧情, 动作, 冒险"
1483507,她和她的猫,8.1,,"剧情, 动画, 短片"
27199577,银魂2,7.2,2018.0,"喜剧, 动作, 冒险"
2157504,百万元与苦虫女,8.1,2008.0,剧情
1865943,哆啦A梦：大雄的恐龙,8.1,2007.0,动画
26837952,游戏人生 零,7.7,2019.0,"爱情, 动画, 奇幻"
27035334,检察方的罪人,6.8,2019.0,"剧情, 悬疑, 犯罪"
1294181,大佬,8.4,2000.0,"剧情, 惊悚, 犯罪"
25790555,记忆中的玛妮,8.0,2014.0,"剧情, 动画, 奇幻"
35863319,去唱卡拉OK吧！,7.7,2025.0,"喜剧, 音乐"
35791966,千寻小姐,7.8,2023.0,剧情
26660834,蜡笔小新：梦境世界大突击,7.3,2016.0,"喜剧, 动画"
35286583,蜡笔小新：谜团！花之天下春日部学院,9.0,2021.0,"动画, 悬疑"
1295629,杀手阿一,7.5,2001.0,"剧情, 喜剧, 动作, 惊悚, 恐怖, 犯罪"
33393167,鬼灭之刃 兄妹的羁绊,9.1,2019.0,"动作, 动画, 惊悚, 奇幻"
1477916,心理游戏,8.8,2004.0,"喜剧, 动画, 悬疑, 冒险"
27062637,利兹与青鸟,8.9,2018.0,"剧情, 动画, 音乐"
35211578,逃避虽可耻但有用 新春特别篇,8.5,2021.0,"剧情, 爱情"
1395080,借着雨点说爱你,8.5,2004.0,"剧情, 爱情, 奇幻"
30327897,漫长的告别,7.6,2020.0,"剧情, 家庭"
1307031,星际牛仔 天国之门,9.0,2001.0,"剧情, 喜剧, 动作, 科幻, 动画, 惊悚, 犯罪"
26266892,红鳉鱼,8.9,2015.0,"剧情, 传记"
26087473,名侦探柯南：江户川柯南失踪事件 史上最惨的两天,7.3,2014.0,"剧情, 动画"
1389924,青之炎,8.6,2003.0,"剧情, 爱情, 犯罪"
3534824,空气人偶,7.4,2009.0,"剧情, 奇幻"
5286821,极恶非道2,7.8,2012.0,"动作, 犯罪"
1787277,彩虹女神,7.7,2006.0,"剧情, 爱情"
3168993,求婚大作战特别篇,8.7,2008.0,剧情
1396313,恋爱地图,7.3,2005.0,爱情
26762709,最终幻想15：王者之剑,7.2,2017.0,"剧情, 科幻, 动画, 奇幻, 冒险"
26691320,帝一之国,8.1,2017.0,"剧情, 喜剧"
24324730,爸妈不在家,8.0,2013.0,剧情
25736048,夏目友人帐：曾几何时下雪之日,9.4,2014.0,"剧情, 动画"
26876342,生化危机：复仇,6.8,2017.0,"动作, 动画, 恐怖, 冒险"
35231832,鬼灭之刃 那田蜘蛛山篇,9.2,2020.0,"剧情, 动作, 奇幻"
36188869,蜡笔小新：新次元！超能力大决战,7.5,2023.0,"喜剧, 动画"
27121232,夏目友人帐 第六季 特别篇 铃响的残株,9.5,2017.0,"剧情, 动画, 奇幻"
3794489,名侦探柯南OVA9：十年后的陌生人,8.1,2009.0,动画
1855131,东京塔,8.6,2007.0,"剧情, 家庭"
25704588,不求上进的玉子,7.3,2013.0,喜剧
1455849,鬼来电,7.0,2003.0,"悬疑, 恐怖"
27045615,未来的未来,6.6,2020.0,"动画, 奇幻"
27017278,夏目友人帐 第五季 特别篇 游戏盛宴,9.4,2017.0,"动画, 短片"
30274965,海兽之子,6.5,2020.0,"动画, 奇幻, 冒险"
25938113,火影忍者剧场版：终章,7.7,2014.0,"喜剧, 动作, 动画, 冒险"
3259956,赌博默示录,7.2,2009.0,剧情
4217426,大奥,7.1,2010.0,"剧情, 同性"
2158222,歪小子斯科特对抗全世界,7.1,2010.0,"喜剧, 动作, 爱情, 奇幻"
1463224,永远的三丁目的夕阳,8.8,2005.0,"剧情, 家庭"
4074292,凉宫春日的消失,9.1,2010.0,"喜剧, 科幻, 动画"
25984803,假如猫从世界上消失了,7.4,2016.0,"剧情, 奇幻"
26759819,命运之夜——天之杯Ⅱ：迷失之蝶,7.6,2019.0,"剧情, 动画, 奇幻"
30167974,浪客剑心 最终章 人诛篇,7.7,2021.0,"剧情, 动作, 冒险"
34430141,平家物语：犬王,8.0,2023.0,"动画, 音乐, 奇幻"
26901234,老师！我可以喜欢你吗？,6.7,2017.0,"剧情, 爱情"
34906732,在京都小住,8.1,2019.0,"剧情, 家庭"
1300029,王尔德,7.8,1997.0,"剧情, 同性, 传记, 历史"
25790749,最完美的离婚 2014特别篇,9.1,2014.0,"剧情, 喜剧, 爱情"
26615753,黑子的篮球·终极一战,6.3,2018.0,"动画, 运动"
3335464,交响情人梦 最终乐章 后篇,8.8,2010.0,剧情
1291569,大都会,8.1,2001.0,"科幻, 动画, 冒险"
27147739,有熊谷守一在的地方,8.3,2018.0,"剧情, 喜剧, 传记"
36245685,错过你的那些年,6.9,2024.0,"剧情, 爱情"
1308685,烟花,8.3,1995.0,"剧情, 儿童"
1303917,阴阳师,7.8,2001.0,"剧情, 动作, 恐怖, 奇幻"
3612790,鲁邦三世VS名侦探柯南,7.6,2009.0,"动画, 悬疑"
11615927,银魂剧场版：完结篇 直到永远的万事屋,9.3,2013.0,"剧情, 动画"
1294827,蜘蛛巢城,8.5,1957.0,"剧情, 历史"
1293310,椿三十郎,8.8,1962.0,"剧情, 喜剧, 动作, 惊悚, 犯罪"
26952153,第三度嫌疑人,7.0,2018.0,"剧情, 悬疑, 犯罪"
26469862,樱桃小丸子：来自意大利的少年,7.0,2016.0,"剧情, 动画"
1307306,黄昏的清兵卫,8.8,2002.0,"剧情, 爱情, 历史"
4903614,真幌站前多田便利屋,8.2,2011.0,剧情
24532100,邻居同居,6.0,2014.0,爱情
33476040,行骗天下JP：公主篇,7.4,2020.0,"剧情, 喜剧"
3335463,交响情人梦 最终乐章 前篇,8.5,2009.0,"剧情, 喜剧, 音乐"
5162334,她的回忆,8.8,1995.0,"科幻, 动画, 冒险"
26869119,念念手纪,6.6,2018.0,"剧情, 爱情"
26899000,元气少女缘结神 新婚篇,9.3,2016.0,"爱情, 动画"
26848504,家族之苦2,8.4,2017.0,"喜剧, 家庭"
7152908,火影忍者剧场版：忍者之路,8.0,2024.0,"动画, 奇幻, 冒险"
1788392,夜·上海,6.6,2007.0,"剧情, 爱情"
35230630,河畔须臾,8.1,2021.0,"剧情, 家庭"
35727254,惠子，凝视,7.8,2023.0,"剧情, 运动"
7152895,听说桐岛要退部,7.9,2012.0,剧情
35597426,稍微想起一些,7.7,2023.0,爱情
26326395,真实魔鬼游戏,5.8,2015.0,"喜剧, 惊悚"
27042544,邻座的怪同学,6.0,2019.0,"剧情, 喜剧, 爱情"
1915393,娜娜2,6.4,2006.0,"剧情, 爱情"
26751899,愚行录,7.7,2016.0,"剧情, 悬疑, 犯罪"
1962611,蜡笔小新：呼风唤雨！夕阳下的春日部男孩,9.1,2004.0,"动画, 家庭"
3574495,天国的邮递员,7.0,2009.0,"剧情, 爱情, 奇幻"
1432436,鲁邦三世：卡里奥斯特罗城,8.5,1979.0,"爱情, 动画, 奇幻, 冒险"
34863472,美好的世界,8.3,2020.0,"剧情, 犯罪"
3117778,魔卡少女樱剧场版：被封印的卡片,9.1,2000.0,"喜剧, 爱情, 动画, 奇幻, 冒险"
36680228,最后的里程,7.0,2024.0,"剧情, 悬疑"
1294562,虎！虎！虎！,8.4,1970.0,"剧情, 历史, 战争"
21767183,0.5毫米,8.3,2014.0,剧情
3718665,诈欺游戏 电影版,8.0,2010.0,"剧情, 惊悚"
35700910,鲭鱼罐头,8.5,2022.0,剧情
26270517,愚人节,7.8,2015.0,喜剧
1309087,世界,7.6,2005.0,剧情
30179560,紫罗兰永恒花园 剧场版,8.0,2020.0,"剧情, 爱情, 动画, 奇幻"
4122194,银魂剧场版：新译红樱篇,9.1,2010.0,"喜剧, 动作, 动画, 古装"
35914398,哥斯拉-1.0,6.5,2023.0,"剧情, 科幻, 灾难"
25782720,GT赛车：极速狂飙,7.1,2023.0,"剧情, 动作, 冒险, 运动"
4907844,蜡笔小新 超时空！呼风唤雨的我的新娘,8.5,2010.0,动画
1856675,海贼王剧场版1：黄金岛冒险,7.8,2000.0,"喜剧, 动作, 动画, 奇幻, 冒险"
24851526,我的男友和狗,5.7,2015.0,爱情
20438548,蜡笔小新：超级美味！B级美食大逃亡！,8.5,2013.0,动画
1308543,爱的捆绑,7.4,1994.0,"剧情, 爱情"
1299711,大逃杀2：镇魂歌,5.3,2003.0,"剧情, 动作, 惊悚"
35967711,哆啦A梦：大雄与天空的理想乡,7.1,2023.0,"科幻, 动画, 冒险"
1306518,绿芥刑警,7.1,2001.0,"喜剧, 动作"
26969120,你的鸟儿会唱歌,7.7,2018.0,"剧情, 爱情"
4068816,蛇舌,7.1,2008.0,惊悚
26311828,女主角失格,6.5,2015.0,"喜剧, 爱情"
26842503,啊，荒野 前篇,8.4,2017.0,剧情
27167055,夏目友人帐 第六季 特别篇 梦幻的碎片,9.4,2017.0,"剧情, 动画, 奇幻"
33425932,鸣鸟不飞：乌云密布,8.3,2020.0,"动画, 同性"
27011740,夏目友人帐 第五季 特别篇 一夜酒杯,9.5,2017.0,"剧情, 动画"
26914034,不了神话 宫崎骏,9.1,2016.0,纪录片
30219684,三和人才市场  中国日结1500日元的年轻人们,8.6,2018.0,纪录片
1303577,雨月物语,8.6,1953.0,"剧情, 战争, 奇幻"
6717574,SPEC：翔,8.4,2012.0,"剧情, 悬疑"
26596361,布兰卡和弹吉他的人,8.1,2015.0,"剧情, 音乐"
35307624,渔港的肉子酱,8.1,2021.0,动画
4841238,猫屎一号,8.2,2010.0,"动画, 短片, 战争"
26862893,极恶非道3,7.6,2017.0,"剧情, 动作, 犯罪"
2032143,东京奏鸣曲,8.1,2008.0,剧情
25742242,深夜前的五分钟,6.2,2014.0,"爱情, 悬疑"
25863940,预告犯,7.3,2015.0,悬疑
35287908,雀斑公主,6.2,2022.0,"科幻, 动画, 冒险"
10537949,恶之教典,7.1,2012.0,惊悚
1291863,追捕,8.3,1978.0,"剧情, 动作, 犯罪"
34436407,轮到你了 特别篇,8.0,2019.0,"剧情, 悬疑"
1307265,晚春,8.6,1949.0,"剧情, 家庭"
2354897,空之境界 第一章 俯瞰风景,8.7,2007.0,"动画, 奇幻, 冒险"
5995338,如沐爱河,7.7,2012.0,剧情
30443686,穷途鼠的奶酪梦,7.6,2020.0,"剧情, 同性"
23398777,热血高校3,5.3,2014.0,"剧情, 动作"
35335784,名侦探柯南：绯色的不在场证明,7.1,2021.0,"剧情, 动作, 动画, 悬疑"
3055303,蜡笔小新：呼风唤雨！战国大合战,9.1,2002.0,动画
30394807,蜡笔小新：新婚旅行飓风之遗失的野原广志,8.3,2019.0,"喜剧, 动画, 儿童"
26835911,22年后的自白,7.1,2019.0,"剧情, 悬疑, 犯罪"
35797506,鱼之子,8.1,2022.0,剧情
34964061,想哭的我戴上了猫的面具,6.3,2020.0,"动画, 奇幻"
26847445,夜空总有最大密度的蓝色,7.5,2017.0,"剧情, 爱情"
25931246,龙珠Z：复活的弗利萨,5.7,2016.0,动画
33404512,东京贵族女子,7.8,2021.0,"剧情, 家庭"
26605967,狼少女与黑王子,6.3,2016.0,爱情
26373154,尸忆,6.8,2015.0,"惊悚, 恐怖"
1291576,蒸汽男孩,7.8,2004.0,"科幻, 动画, 冒险"
10796594,脑男,7.1,2013.0,"悬疑, 犯罪"
1420088,精灵宝可梦：超梦的逆袭,8.2,1998.0,"动作, 动画, 冒险"
1307679,不夜城,8.2,1998.0,"剧情, 爱情"
1421733,伊豆的舞女,8.6,1974.0,剧情
4079117,杀戮都市,6.6,2010.0,"动作, 科幻"
26662159,海绵宝宝：营救大冒险,6.1,2020.0,"喜剧, 动画, 冒险"
30140229,来了,7.0,2018.0,"悬疑, 惊悚, 恐怖"
26958479,浅田家！,8.3,2020.0,"剧情, 家庭"
5247059,天堂之吻,6.6,2011.0,"剧情, 爱情"
26932873,大叔的爱,8.1,2016.0,"剧情, 喜剧, 爱情, 同性"
1291563,十分钟年华老去：小号篇,8.5,2002.0,剧情
2149804,死神的精度,7.3,2008.0,"剧情, 喜剧, 奇幻"
25880986,食梦者,7.7,2015.0,喜剧
1298351,奏鸣曲,8.4,1993.0,"剧情, 犯罪"
2277204,异邦人：无皇刃谭,8.6,2007.0,"动作, 动画, 冒险"
1306885,幻之光,8.1,1995.0,剧情
36742579,罪人,7.7,,
36831721,原始战争,6.1,,
36090458,地球特派员,6.8,,
37493412,妄人妄途,7.3,,
36465394,腓尼基计划,6.7,,
36473138,无声挚爱,7.9,,
35391124,K-POP：猎魔女团,6.6,,
36403252,辣妈辣妹2,6.9,,
37499898,链锯人 总集篇,8.5,,
37178027,8号出口,6.3,,
36829527,猎杀之后,6.4,,
36188176,超人,6.3,,
36968545,冥婚红包,7.4,,
1291841,教父,9.3,1972.0,"剧情, 犯罪"
25958717,海蒂和爷爷,9.3,2019.0,"剧情, 家庭, 冒险"
1298624,闻香识女人,9.1,1992.0,剧情
1301753,狮子王,9.1,1995.0,"动画, 歌舞, 冒险"
3011235,哈利·波特与死亡圣器(下),9.0,2011.0,"奇幻, 冒险"
1292402,西西里的美丽传说,8.9,2000.0,"剧情, 情色, 战争"
1291544,哈利·波特与阿兹卡班的囚徒,9.0,2004.0,"奇幻, 冒险"
1296996,哈利·波特与密室,8.9,2003.0,"奇幻, 冒险"
3442220,海豚湾,9.3,2009.0,纪录片
1309055,哈利·波特与火焰杯,8.8,2005.0,"悬疑, 奇幻, 冒险"
1418200,傲慢与偏见,8.7,2005.0,"剧情, 爱情"
1292208,上帝之城,9.0,2002.0,"剧情, 犯罪"
35426925,机器人之梦,9.1,2024.0,"剧情, 动画, 音乐"
1293908,城市之光,9.3,1931.0,"剧情, 喜剧, 爱情"
25934014,爱乐之城,8.4,2017.0,"剧情, 爱情, 歌舞"
26100958,复仇者联盟4：终局之战,8.5,2019.0,"剧情, 动作, 科幻, 奇幻, 冒险"
3878007,海王,7.6,2018.0,"动作, 奇幻, 冒险"
3025375,奇异博士,7.6,2016.0,"动作, 奇幻, 冒险"
10741834,复仇者联盟2：奥创纪元,7.5,2015.0,"动作, 科幻, 奇幻, 冒险"
3066739,钢铁侠2,7.7,2010.0,"动作, 科幻, 冒险"
25820460,美国队长3,7.9,2016.0,"动作, 科幻"
24753477,蜘蛛侠：英雄归来,7.3,2017.0,"动作, 科幻, 冒险"
26636712,蚁人2：黄蜂女现身,7.2,2018.0,"动作, 科幻, 冒险"
1866473,蚁人,7.7,2015.0,"动作, 科幻, 冒险"
2138838,美国队长,7.2,2011.0,"动作, 科幻, 冒险"
25937854,银河护卫队2,8.0,2017.0,"动作, 科幻, 冒险"
6390825,黑豹,6.5,2018.0,"动作, 科幻, 冒险"
1866471,雷神,7.2,2011.0,"动作, 奇幻, 冒险"
26931786,蜘蛛侠：英雄远征,7.6,2019.0,"动作, 科幻, 冒险"
25821634,雷神3：诸神黄昏,7.4,2017.0,"动作, 奇幻, 冒险"
6560058,雷神2：黑暗世界,7.4,2013.0,"动作, 奇幻, 冒险"
26213252,惊奇队长,6.8,2019.0,"动作, 科幻, 冒险"
25726614,神奇动物在哪里,7.7,2016.0,"剧情, 奇幻, 冒险"
3364223,了不起的盖茨比,8.0,2013.0,"剧情, 爱情"
6517421,惊天魔盗团,7.8,2013.0,"剧情, 悬疑, 犯罪"
26147417,神奇动物：格林德沃之罪,7.0,2018.0,"奇幻, 冒险"
6873143,一条狗的使命,7.7,2017.0,"剧情, 喜剧, 家庭"
25900945,美女与野兽,7.1,2017.0,"爱情, 歌舞, 奇幻"
30444960,信条,7.6,2020.0,"剧情, 动作, 科幻"
3718279,死侍,7.9,2016.0,"喜剧, 动作, 科幻, 冒险"
1866475,无敌浩克,7.1,2008.0,"动作, 科幻, 惊悚"
26588308,死侍2：我爱我家,7.3,2019.0,"喜剧, 动作, 科幻, 冒险"
2268359,暮光之城,7.6,2009.0,"剧情, 爱情, 惊悚, 奇幻"
30337388,失控玩家,7.5,2021.0,"喜剧, 动作, 科幻"
26416062,侏罗纪世界2,6.6,2018.0,"动作, 科幻, 冒险"
3001114,沙丘,7.7,2021.0,"剧情, 科幻, 冒险"
25786060,X战警：天启,7.7,2016.0,"动作, 科幻, 奇幻, 冒险"
1309199,史密斯夫妇,7.8,2005.0,"喜剧, 动作, 爱情"
10440138,侏罗纪世界,7.8,2015.0,"动作, 科幻, 冒险"
4058939,芭比,8.0,2023.0,"喜剧, 奇幻, 冒险"
6311303,加勒比海盗5：死无对证,7.2,2017.0,"动作, 奇幻, 冒险"
26884354,狮子王,7.2,2019.0,"剧情, 动画, 冒险"
5323968,环太平洋,7.8,2013.0,"动作, 科幻, 冒险"
25812712,神偷奶爸3,6.8,2017.0,"喜剧, 动画, 冒险"
2336785,爱丽丝梦游仙境,7.5,2010.0,"奇幻, 冒险"
25887288,冰雪奇缘2,7.0,2019.0,"喜剧, 动画, 歌舞, 冒险"
3227410,加勒比海盗4：惊涛怪浪,7.9,2011.0,"动作, 奇幻, 冒险"
25662337,惊天魔盗团2,7.0,2016.0,"剧情, 悬疑, 犯罪"
26752852,水形物语,7.2,2018.0,"剧情, 爱情, 奇幻"
4811774,阿凡达：水之道,7.8,2022.0,"动作, 科幻, 冒险"
2146991,变形金刚2,7.8,2009.0,"动作, 科幻, 冒险"
1295250,X战警,7.8,2000.0,"动作, 科幻"
1792928,金刚狼,7.6,2009.0,"动作, 科幻"
2129132,超凡蜘蛛侠,7.8,2012.0,"动作, 科幻, 奇幻, 冒险"
30314848,瞬息全宇宙,7.6,2022.0,"喜剧, 奇幻, 冒险"
3071441,雪国列车,7.6,2014.0,"剧情, 动作, 科幻"
1308817,两小无猜,7.9,2003.0,"剧情, 喜剧, 爱情"
21324900,降临,7.8,2017.0,"剧情, 科幻"
3610047,变形金刚3,7.3,2011.0,"动作, 科幻, 冒险"
3592853,饥饿游戏,7.2,2012.0,"动作, 科幻, 冒险"
4191644,一天,7.9,2011.0,"剧情, 爱情"
6537500,速度与激情6,7.9,2013.0,"动作, 犯罪"
11624706,小黄人大眼萌,7.8,2015.0,"喜剧, 动画"
26348103,小妇人,8.0,2020.0,"剧情, 爱情"
3793783,地心引力,7.9,2013.0,"科幻, 惊悚, 灾难"
19899707,驯龙高手3,7.4,2019.0,"动画, 奇幻, 冒险"
6082518,超凡蜘蛛侠2,7.8,2014.0,"动作, 科幻, 奇幻, 冒险"
26378579,王牌特工2：黄金圈,6.8,2017.0,"喜剧, 动作, 冒险"
1305724,X战警2,7.7,2003.0,"动作, 科幻, 惊悚"
1401524,X战警3：背水一战,7.7,2006.0,"动作, 科幻, 惊悚"
1308570,蜘蛛侠2,7.9,2004.0,"动作, 科幻, 冒险"
4301224,沉睡魔咒,7.4,2014.0,"奇幻, 冒险"
3718424,金刚狼2,6.7,2013.0,"动作, 科幻"
26667010,X战警：黑凤凰,5.7,2019.0,"动作, 科幻, 冒险"
2161696,他其实没那么喜欢你,7.8,2009.0,"剧情, 喜剧, 爱情"
3771562,普罗米修斯,7.7,2012.0,"科幻, 惊悚, 冒险"
25849049,超人总动员2,7.8,2018.0,"喜剧, 动作, 动画, 冒险"
21817627,爱宠大机密,7.8,2016.0,"喜剧, 动画"
3072086,和莎莫的500天,8.0,2009.0,"剧情, 喜剧, 爱情"
1418189,蜘蛛侠3,7.7,2007.0,"动作, 科幻, 冒险"
1305065,公主日记,7.6,2001.0,"喜剧, 爱情, 家庭"
1835843,博物馆奇妙夜,7.7,2007.0,"喜剧, 动作, 家庭, 奇幻, 冒险"
1309043,金刚,8.0,2006.0,"动作, 奇幻, 冒险"
7046723,猩球崛起2：黎明之战,7.7,2014.0,"剧情, 动作, 科幻"
26384741,湮灭,7.2,2018.0,"剧情, 科幻, 惊悚"
25790761,东方快车谋杀案,6.8,2017.0,"剧情, 悬疑, 犯罪"
26688480,逃出绝命镇,7.8,2017.0,"悬疑, 惊悚, 恐怖"
3148027,暮光之城2：新月,6.9,2009.0,"剧情, 爱情, 惊悚, 奇幻"
2158490,正义联盟,6.3,2017.0,"动作, 科幻, 奇幻, 冒险"
1300300,死神来了,7.9,2000.0,"惊悚, 恐怖"
1304899,速度与激情,7.9,2001.0,"动作, 犯罪"
3569910,自杀小队,6.7,2016.0,"动作, 犯罪, 奇幻"
3642835,黑衣人3,7.7,2012.0,"喜剧, 动作, 科幻"
30164448,海市蜃楼,7.6,2019.0,"科幻, 悬疑, 惊悚"
26997663,寂静之地,6.3,2018.0,"惊悚, 恐怖"
1437342,冰川时代2,8.2,2006.0,"喜剧, 动画, 冒险"
25808075,猩球崛起3：终极之战,6.9,2017.0,"剧情, 动作, 科幻"
6874456,饥饿游戏2：星火燎原,7.4,2013.0,"动作, 科幻, 冒险"
26891256,阿拉丁,7.4,2019.0,"爱情, 歌舞, 奇幻, 冒险"
2132930,速度与激情4,7.8,2009.0,"动作, 犯罪"
1298653,荒岛余生,8.6,2000.0,"剧情, 冒险"
2357162,冰川时代3,8.3,2009.0,"喜剧, 动画, 冒险"
26804147,摩天营救,6.3,2018.0,"动作, 惊悚, 冒险"
6860160,悲惨世界,8.7,2013.0,"剧情, 爱情, 歌舞"
26588314,伯德小姐,7.9,2017.0,"剧情, 家庭"
1292062,美国丽人,8.6,1999.0,"剧情, 爱情, 家庭"
1297570,变相怪杰,8.1,1994.0,"喜剧, 奇幻"
11803087,异形：契约,7.4,2017.0,"科幻, 恐怖"
3731581,里约大冒险,8.3,2011.0,"喜剧, 动画, 冒险"
2998373,帕丁顿熊,7.9,2015.0,"喜剧, 动画, 家庭"
24750534,蝙蝠侠大战超人：正义黎明,7.0,2016.0,"动作, 科幻, 奇幻, 冒险"
3289086,暮光之城3：月食,6.9,2010.0,"剧情, 爱情, 惊悚, 奇幻"
6875263,灰姑娘,7.0,2015.0,"爱情, 奇幻, 冒险"
1294833,花木兰,8.0,1998.0,"剧情, 动画, 家庭, 冒险"
1293013,独立日,8.1,1996.0,"动作, 科幻, 冒险, 灾难"
26933210,蜘蛛侠：英雄无归,6.6,2021.0,"动作, 科幻, 奇幻, 冒险"
4914468,冰川时代4,8.1,2012.0,"喜剧, 动画, 冒险"
21441132,爱丽丝梦游仙境2：镜中奇遇记,7.1,2016.0,"奇幻, 冒险"
25920885,神探夏洛克：可恶的新娘,7.3,2016.0,"剧情, 悬疑, 犯罪"
1295280,黑衣人2,7.8,2002.0,"喜剧, 动作, 科幻"
1307442,速度与激情2,7.5,2003.0,"动作, 犯罪"
2998270,大侦探福尔摩斯,7.7,2010.0,"动作, 悬疑, 犯罪"
3289081,暮光之城4：破晓(上),6.9,2012.0,"剧情, 爱情, 惊悚, 奇幻, 冒险"
21349345,移动迷宫,7.2,2014.0,"动作, 科幻, 冒险"
24298954,疯狂原始人2,7.7,2020.0,"喜剧, 动画, 冒险"
4807924,泰迪熊,7.2,2012.0,喜剧
1308843,我，机器人,8.2,2004.0,"动作, 科幻, 悬疑, 惊悚"
3025447,金蝉脱壳,7.8,2013.0,"动作, 惊悚"
21327493,精灵旅社2,7.9,2015.0,"喜剧, 动画, 奇幻"
26726098,他是龙,7.6,2016.0,"爱情, 奇幻, 冒险"
1302987,珍珠港,8.1,2001.0,"剧情, 爱情, 历史, 战争"
26654269,瞒天过海：美人计,6.7,2018.0,"喜剧, 犯罪"
26426056,沉睡魔咒2,5.9,2019.0,"奇幻, 冒险"
1298525,碟中谍2,7.3,2002.0,"动作, 惊悚, 冒险"
2132473,僵尸世界大战,7.7,2013.0,"动作, 科幻, 恐怖"
1295865,燃情岁月,8.7,1994.0,"剧情, 爱情, 战争, 西部"
1482911,生化危机3：灭绝,7.5,2007.0,"动作, 科幻, 恐怖"
2049435,超人：钢铁之躯,7.4,2013.0,"动作, 科幻, 冒险"
27027913,忌日快乐,7.0,2018.0,"悬疑, 惊悚, 恐怖"
25777636,奇幻森林,7.8,2016.0,"剧情, 奇幻, 冒险"
2244426,雷霆沙赞！,6.2,2019.0,"动作, 奇幻, 冒险"
4319218,午夜巴黎,8.3,2011.0,"剧情, 爱情, 奇幻"
26613692,哥斯拉大战金刚,6.2,2021.0,"动作, 科幻, 冒险"
34805219,饥饿站台,7.9,2019.0,"科幻, 惊悚"
1291824,黑鹰坠落,8.7,2001.0,"动作, 历史, 战争"
1300656,终结者,8.2,1992.0,"动作, 科幻, 惊悚"
25728006,速度与激情9,5.1,2021.0,"动作, 犯罪"
1388216,撞车,8.5,2004.0,"剧情, 犯罪"
1895120,死寂,7.9,2007.0,"悬疑, 恐怖"
3041294,生化危机4：战神再生,6.9,2010.0,"动作, 科幻, 恐怖"
1309059,艺伎回忆录,7.6,2005.0,"剧情, 爱情"
6532822,生化危机5：惩罚,6.4,2013.0,"动作, 科幻, 恐怖"
4889554,暮光之城4：破晓(下),7.3,2012.0,"剧情, 爱情, 惊悚, 奇幻, 冒险"
1466007,寂静岭,7.7,2006.0,"悬疑, 恐怖"
6533054,饥饿游戏3：嘲笑鸟(上),6.3,2015.0,"动作, 科幻, 冒险"
1309201,马达加斯加,7.9,2005.0,"喜剧, 动画, 家庭, 冒险"
27202818,婚姻故事,8.5,2020.0,"剧情, 爱情"
26586766,勇敢者游戏：决战丛林,6.8,2018.0,"喜剧, 动作, 奇幻, 冒险"
27109679,密室逃生,7.1,2019.0,"悬疑, 惊悚"
1291853,英国病人,8.5,1996.0,"剧情, 爱情, 战争"
1309172,初恋50次,7.9,2004.0,"喜剧, 爱情"
25793398,海洋奇缘,7.5,2016.0,"动画, 歌舞, 奇幻, 冒险"
1299327,夜访吸血鬼,8.3,1994.0,"剧情, 惊悚, 奇幻"
35792500,异形：夺命舰,7.3,2024.0,"科幻, 惊悚, 恐怖"
2124586,飓风营救,8.3,2008.0,"剧情, 动作, 惊悚, 犯罪"
1304854,律政俏佳人,7.8,2001.0,"喜剧, 爱情"
2063914,哥斯拉,6.7,2014.0,"动作, 科幻, 冒险, 灾难"
1301459,小岛惊魂,8.2,2001.0,"剧情, 悬疑, 恐怖"
1972729,铁甲钢拳,8.3,2011.0,"剧情, 动作, 科幻, 运动"
21349734,博物馆奇妙夜3,7.3,2015.0,"喜剧, 奇幻, 冒险"
1329950,达·芬奇密码,7.5,2006.0,"悬疑, 惊悚"
1293353,小鬼当家2,8.2,1992.0,"喜剧, 家庭, 犯罪"
2053515,曾经,8.3,2007.0,"剧情, 爱情, 音乐"
6549903,逃离德黑兰,8.2,2012.0,"剧情, 惊悚, 历史"
2363876,007：大破天幕杀机,7.2,2013.0,"动作, 惊悚, 冒险"
26685451,流浪猫鲍勃,7.9,2018.0,"剧情, 喜剧, 传记"
10757577,卡罗尔,8.4,2015.0,"剧情, 爱情, 同性"
2297265,浪潮,8.7,2008.0,"剧情, 惊悚"
1291581,怪物史瑞克,7.9,2001.0,"喜剧, 动画, 家庭, 奇幻, 冒险"
10047547,饥饿游戏3：嘲笑鸟(下),6.5,2015.0,"动作, 科幻, 冒险"
19971676,黑衣人：全球追缉,5.5,2019.0,"喜剧, 动作, 科幻"
1777612,阳光小美女,8.3,2006.0,"剧情, 喜剧, 家庭"
6424756,新蝙蝠侠,7.2,2022.0,"剧情, 动作, 悬疑, 犯罪"
1292728,勇闯夺命岛,8.6,1996.0,"动作, 冒险"
3914513,马戏之王,7.7,2018.0,"剧情, 歌舞, 传记"
1325958,蒂凡尼的早餐,8.1,1961.0,"剧情, 喜剧, 爱情"
25954475,聚焦,8.8,2015.0,"剧情, 传记"
26630714,精灵旅社3：疯狂假期,6.6,2018.0,"喜剧, 动画, 奇幻"
20326665,星球大战7：原力觉醒,7.2,2016.0,"动作, 科幻, 冒险"
26430636,狂暴巨兽,6.3,2018.0,"动作, 科幻, 冒险"
1293702,侏罗纪公园2：失落的世界,7.6,1997.0,"动作, 科幻, 惊悚, 冒险"
25837262,至爱梵高·星空之谜,8.5,2017.0,"剧情, 动画, 传记"
2257732,博物馆奇妙夜2,7.2,2009.0,"喜剧, 动作, 奇幻, 冒险"
26061679,触不可及(美版),7.5,2019.0,"剧情, 喜剧"
20276229,007：无暇赴死,6.6,2021.0,"动作, 惊悚, 冒险"
37116446,给阿嬷的情书,9.2,2026.0,"剧情, 家庭"
36883114,家业,7.3,2026.0,"剧情, 古装"
35295564,主角,8.1,2026.0,剧情
37234503,莫离,0.0,2026.0,"爱情, 古装"
37061179,校园之外 第一季,8.5,2026.0,"剧情, 爱情, 运动"
35517044,低智商犯罪,8.1,2026.0,"剧情, 犯罪"
37071123,铁拳教育,8.7,2026.0,"剧情, 动作"
36894289,翘楚,0.0,2026.0,剧情
37112008,耀眼,5.9,2026.0,"剧情, 爱情"
36310054,雨霖铃,7.0,2026.0,"剧情, 武侠, 古装"
36916000,诺曼底72小时,8.2,2026.0,"剧情, 战争"
35758798,亢奋 第三季,6.3,2026.0,剧情
37332784,我，许可,8.2,2026.0,"剧情, 喜剧"
37242440,惊蛰无声,5.9,2026.0,"剧情, 犯罪"
37317021,灵魂摆渡·十年,0.0,2026.0,"悬疑, 奇幻, 惊悚, 冒险, 短片"
35159709,天才游戏,5.9,2026.0,"犯罪, 悬疑"
36723035,星球大战：曼达洛人与古古,7.4,2026.0,"动作, 科幻, 奇幻, 冒险"
1951286,宇宙巨人：希曼崛起,5.8,2026.0,"剧情, 动作, 科幻, 奇幻, 冒险"
35010610,挽救计划,8.6,2026.0,"剧情, 科幻, 惊悚"
37311135,飞驰人生3,7.2,2026.0,"剧情, 喜剧, 运动"
38363866,奔跑吧 第十季,0.0,2026.0,真人秀
36680667,超能路人甲,7.2,2026.0,"剧情, 喜剧, 动作, 科幻, 冒险"
36965301,消失的人,7.2,2026.0,"犯罪, 悬疑, 惊悚"
37134474,地狱占星师,8.1,2026.0,"剧情, 传记"
37370438,绝望写手 第五季,9.6,2026.0,"剧情, 喜剧"
35424715,生命树,8.4,2026.0,剧情
36240199,暗影蜘蛛侠,7.3,2026.0,"剧情, 动作, 科幻, 犯罪, 悬疑, 奇幻, 惊悚, 冒险"
36918069,绵羊侦探团,7.5,2026.0,"喜剧, 动作, 悬疑"
37233517,杀木池,5.4,2026.0,"惊悚, 恐怖"
36995126,爱情抓马,6.9,2026.0,"剧情, 喜剧, 爱情"
36343491,黑袍纠察队 第五季,6.6,2026.0,"剧情, 喜剧, 动作, 科幻, 犯罪"
37226826,幽旅巫咒,6.1,2026.0,恐怖
37067461,女士优先,6.3,2026.0,"喜剧, 爱情"
37335468,努力克服自卑的我们,8.7,2026.0,剧情
36235977,后室,0.0,2026.0,"科幻, 恐怖"
37147970,21世纪大君夫人,7.2,2026.0,"喜剧, 爱情"
36640247,良陈美锦,5.9,2026.0,"剧情, 古装"
36554061,逐玉,6.4,2026.0,"剧情, 爱情, 古装"
37125831,夺命许愿,7.7,2026.0,"剧情, 恐怖"
35922594,黑夜告白,7.0,2026.0,"剧情, 犯罪, 悬疑"
36396335,金谍行动,6.1,2026.0,"剧情, 动作, 惊悚"
37441858,躲在超市后门抽烟的两人,8.6,2026.0,动画
36929221,木乃伊,6.1,2026.0,恐怖
36749573,极限审判,7.2,2026.0,"动作, 科幻, 悬疑"
37816789,乘风2026,5.3,2026.0,"音乐, 真人秀"
36415590,唐宫奇案之青雾风鸣,6.8,2026.0,"悬疑, 古装"
26022233,蜂蜜的针,6.7,2026.0,"爱情, 犯罪, 悬疑"
35754057,真人快打2,6.1,2026.0,"动作, 科幻, 奇幻, 惊悚, 冒险"
36640236,月鳞绮纪,5.4,2026.0,"剧情, 爱情, 奇幻, 古装"
36832900,准备好了没2：我来了,6.0,2026.0,"喜剧, 惊悚, 恐怖"
33371937,八千里路云和月,6.4,2026.0,"剧情, 历史, 战争"
36449703,迷墙,0.0,2026.0,"剧情, 犯罪"
36956594,穿普拉达的女王2,6.5,2026.0,"剧情, 喜剧"
37369763,隐秘的监察,7.3,2026.0,"喜剧, 爱情"
35633767,佳偶天成,6.9,2026.0,"剧情, 爱情, 奇幻, 古装"
35929169,白日提灯,6.7,2026.0,剧情
36866390,危险关系,7.9,2026.0,剧情
36317421,太平年,8.5,2026.0,"剧情, 历史, 古装"
36857924,寒战1994,7.1,2026.0,"剧情, 动作, 犯罪"
36926954,杀的就是你,6.8,2026.0,"喜剧, 动作, 恐怖"
